spacing_label,method,family,n_features,n_changed_vs_native,median_abs_diff_vs_native,median_rel_diff_vs_native,spearman_corr_with_native,spearman_corr_with_resample_linear,pearson_corr_with_resample_linear
mild_z2,native_original,glcm,24,0,0.0,0.0,0.9999999999999999,0.9513043478260867,0.9991326538430721
mild_z2,native_original,gldm,14,0,0.0,0.0,1.0,0.9956043956043955,0.9981818389285317
mild_z2,native_original,glrlm,16,0,0.0,0.0,1.0,1.0,0.9996846601423246
mild_z2,native_original,glszm,16,0,0.0,0.0,1.0,0.9941176470588234,0.9998658715854343
mild_z2,native_original,ngtdm,5,0,0.0,0.0,0.9999999999999999,0.8999999999999998,0.9503883899975981
mild_z2,resample_bspline,glcm,24,24,0.0930616063443831,0.08880261622463308,0.957391304347826,0.997391304347826,0.9998392240013229
mild_z2,resample_bspline,gldm,14,14,2.3433833899585004,0.3518530749793356,0.9868131868131869,0.9956043956043955,0.9999727231820953
mild_z2,resample_bspline,glrlm,16,16,0.5190887375724786,0.3096927335865127,1.0,1.0,0.9993191580140992
mild_z2,resample_bspline,glszm,16,16,2.392076082951459,0.3024195405484106,0.9941176470588234,1.0,0.9999999725560219
mild_z2,resample_bspline,ngtdm,5,5,0.019594269693838703,0.31025430067339743,0.8999999999999998,0.9999999999999999,0.9888255021154058
mild_z2,resample_linear,glcm,24,24,0.10151409846516896,0.1009540111985238,0.9513043478260867,0.9999999999999999,1.0
mild_z2,resample_linear,gldm,14,14,1.793160494231082,0.38421709208207855,0.9956043956043955,1.0,1.0
mild_z2,resample_linear,glrlm,16,16,0.6411812280254359,0.28554652821721227,1.0,1.0,1.0
mild_z2,resample_linear,glszm,16,16,2.770807166439296,0.3722710113216031,0.9941176470588234,1.0,0.9999999999999998
mild_z2,resample_linear,ngtdm,5,5,0.0191839197095269,0.14921234386108068,0.8999999999999998,0.9999999999999999,0.9999999999999999
mild_z2,resample_nearest,glcm,24,24,0.0990927465862817,0.11453768917831812,0.9660869565217389,0.9434782608695651,0.9986545829671997
mild_z2,resample_nearest,gldm,14,11,0.21164926539972545,0.4379258400819348,1.0,0.9956043956043955,0.9933576247588752
mild_z2,resample_nearest,glrlm,16,16,0.1547640089572463,0.21099475009663005,0.9794117647058824,0.9794117647058824,0.9867375721101533
mild_z2,resample_nearest,glszm,16,8,0.0027008081807685996,0.2500000000000023,0.9823529411764707,0.9705882352941176,0.9998658043265424
mild_z2,resample_nearest,ngtdm,5,5,0.0187622239041026,0.19175523332318528,0.8999999999999998,0.7999999999999999,0.7426409273091321
mild_z2,voxel_spacing_aware,glcm,24,24,0.027184965218886303,0.02790305909533277,0.9965217391304346,0.9565217391304346,0.9990171814844682
mild_z2,voxel_spacing_aware,gldm,14,11,0.21164926539972545,0.4379258400819348,1.0,0.9956043956043955,0.9933576247588752
mild_z2,voxel_spacing_aware,glrlm,16,16,0.1547640089572463,0.21099475009663005,0.9794117647058824,0.9794117647058824,0.9867375721101533
mild_z2,voxel_spacing_aware,glszm,16,8,0.0027008081807685996,0.2500000000000023,0.9823529411764707,0.9705882352941176,0.9998658043265424
mild_z2,voxel_spacing_aware,ngtdm,5,5,0.007107390070343403,0.14559938941938996,0.9999999999999999,0.8999999999999998,0.9510110932269006
moderate_z3,native_original,glcm,24,0,0.0,0.0,0.9999999999999999,0.9643478260869565,0.9989026852283525
moderate_z3,native_original,gldm,14,0,0.0,0.0,1.0,0.9956043956043955,0.999354817380192
moderate_z3,native_original,glrlm,16,0,0.0,0.0,1.0,0.9970588235294118,0.9939564263681373
moderate_z3,native_original,glszm,16,0,0.0,0.0,1.0,0.9941176470588234,0.9998688208177532
moderate_z3,native_original,ngtdm,5,0,0.0,0.0,0.9999999999999999,0.8999999999999998,0.9995840596727237
moderate_z3,resample_bspline,glcm,24,24,0.10359162782573489,0.124395733637336,0.9739130434782608,0.9982608695652172,0.999703000544465
moderate_z3,resample_bspline,gldm,14,14,1.7130067584764697,0.3811919589655029,0.9956043956043955,1.0,0.9997795830329598
moderate_z3,resample_bspline,glrlm,16,16,0.7306381878239412,0.30245095744355976,1.0,0.9970588235294118,0.9966109677689575
moderate_z3,resample_bspline,glszm,16,16,4.126962111488805,0.33162797174777114,0.9941176470588234,1.0,0.9999999937591374
moderate_z3,resample_bspline,ngtdm,5,5,0.0284159496262158,0.23502568925010203,0.8999999999999998,0.9999999999999999,0.9797784614307298
moderate_z3,resample_linear,glcm,24,24,0.12772332038708648,0.1338049276994539,0.9643478260869565,0.9999999999999999,1.0
moderate_z3,resample_linear,gldm,14,14,1.1491577584522634,0.41045280675142815,0.9956043956043955,1.0,0.9999999999999998
moderate_z3,resample_linear,glrlm,16,16,0.6768504152748325,0.3036149606344756,0.9970588235294118,1.0,0.9999999999999998
moderate_z3,resample_linear,glszm,16,16,3.011461487544708,0.3117031343572436,0.9941176470588234,1.0,1.0
moderate_z3,resample_linear,ngtdm,5,5,0.0264914916522707,0.09623735876336237,0.8999999999999998,0.9999999999999999,0.9999999999999999
moderate_z3,resample_nearest,glcm,24,24,0.1379893053692719,0.15301277054532023,0.9504347826086955,0.9843478260869565,0.9981973755162933
moderate_z3,resample_nearest,gldm,14,11,0.23201751091261735,0.5197148097940931,0.9956043956043955,0.9912087912087912,0.984366634308354
moderate_z3,resample_nearest,glrlm,16,16,0.22313392510725016,0.30732284798206216,0.9794117647058824,0.9823529411764707,0.9901787265481423
moderate_z3,resample_nearest,glszm,16,8,0.0036010775743580995,0.3333333333333333,0.9735294117647059,0.9676470588235294,0.9998687437494341
moderate_z3,resample_nearest,ngtdm,5,5,0.0236367152610906,0.3584090051265542,0.8999999999999998,0.7999999999999999,0.8114581129344891
moderate_z3,voxel_spacing_aware,glcm,24,24,0.049996782880268376,0.05182021420073,0.9904347826086956,0.9817391304347826,0.9986569861432046
moderate_z3,voxel_spacing_aware,gldm,14,11,0.23201751091261735,0.5197148097940931,0.9956043956043955,0.9912087912087912,0.984366634308354
moderate_z3,voxel_spacing_aware,glrlm,16,16,0.22313392510725016,0.30732284798206216,0.9794117647058824,0.9823529411764707,0.9901787265481423
moderate_z3,voxel_spacing_aware,glszm,16,8,0.0036010775743580995,0.3333333333333333,0.9735294117647059,0.9676470588235294,0.9998687437494341
moderate_z3,voxel_spacing_aware,ngtdm,5,5,0.012433911891773702,0.25458708068578767,0.9999999999999999,0.8999999999999998,0.9996862177801445
strong_z5,native_original,glcm,24,0,0.0,0.0,0.9999999999999999,0.9469565217391304,0.9994735419341839
strong_z5,native_original,gldm,14,0,0.0,0.0,1.0,0.9956043956043955,0.995050820372525
strong_z5,native_original,glrlm,16,0,0.0,0.0,1.0,0.988235294117647,0.9803407328918537
strong_z5,native_original,glszm,16,0,0.0,0.0,1.0,0.9941176470588234,0.9998742686435182
strong_z5,native_original,ngtdm,5,0,0.0,0.0,0.9999999999999999,0.7999999999999999,0.9542790166998999
strong_z5,resample_bspline,glcm,24,24,0.2371541702390061,0.19166142601942623,0.9478260869565217,0.9991304347826085,0.9997679029612596
strong_z5,resample_bspline,gldm,14,14,1.0311014673604868,0.436835089485907,0.9956043956043955,1.0,0.9998302865007641
strong_z5,resample_bspline,glrlm,16,16,0.9998620618516538,0.32021928292035773,0.9941176470588234,0.9970588235294118,0.9951819014289027
strong_z5,resample_bspline,glszm,16,16,2.7061242261990097,0.2864183543167185,0.9941176470588234,1.0,0.9999999986410361
strong_z5,resample_bspline,ngtdm,5,5,0.0330087331647204,0.1498105926917352,0.7999999999999999,0.9999999999999999,0.9787616720167474
strong_z5,resample_linear,glcm,24,24,0.1721176308509414,0.21244886307177985,0.9469565217391304,0.9999999999999999,1.0
strong_z5,resample_linear,gldm,14,14,0.49433295126682975,0.470949776159491,0.9956043956043955,1.0,1.0
strong_z5,resample_linear,glrlm,16,16,0.9507925863655498,0.3885169662679735,0.988235294117647,1.0,0.9999999999999999
strong_z5,resample_linear,glszm,16,16,0.759626230375698,0.22542082083541906,0.9941176470588234,1.0,0.9999999999999999
strong_z5,resample_linear,ngtdm,5,5,0.0325325469995635,0.31263668441201103,0.7999999999999999,0.9999999999999999,0.9999999999999999
strong_z5,resample_nearest,glcm,24,24,0.16342224713393277,0.17624413299192337,0.9539130434782607,0.9860869565217389,0.9989084837736267
strong_z5,resample_nearest,gldm,14,11,0.3240201205911974,0.5697949719655403,0.9956043956043955,0.9912087912087912,0.9511747728434586
strong_z5,resample_nearest,glrlm,16,16,0.37039207744652564,0.3554901925785834,0.9705882352941176,0.988235294117647,0.9933903038372978
strong_z5,resample_nearest,glszm,16,8,0.00432129308922975,0.4000000000000028,0.9705882352941176,0.9647058823529412,0.9998741881808181
strong_z5,resample_nearest,ngtdm,5,5,0.027536308346681002,0.5457391139398345,0.8999999999999998,0.8999999999999998,0.9049132666311505
strong_z5,voxel_spacing_aware,glcm,24,24,0.08233805657107796,0.08524836384036628,0.9878260869565217,0.9713043478260868,0.9992060108874132
strong_z5,voxel_spacing_aware,gldm,14,11,0.3240201205911974,0.5697949719655403,0.9956043956043955,0.9912087912087912,0.9511747728434586
strong_z5,voxel_spacing_aware,glrlm,16,16,0.37039207744652564,0.3554901925785834,0.9705882352941176,0.988235294117647,0.9933903038372978
strong_z5,voxel_spacing_aware,glszm,16,8,0.00432129308922975,0.4000000000000028,0.9705882352941176,0.9647058823529412,0.9998741881808181
strong_z5,voxel_spacing_aware,ngtdm,5,5,0.0189885483232383,0.3884386279409939,0.8999999999999998,0.8999999999999998,0.9524666423746877
