comparison,feature,family,short_feature,z2,z2.5,abs_diff,rel_diff,changed,z3,z3.5,z5,z5.5
z2_vs_z2.5,original_glcm_Autocorrelation,glcm,Autocorrelation,34.67239314567739,34.710183051513674,0.03778990583628428,0.0010887267802707915,True,,,,
z2_vs_z2.5,original_glcm_ClusterProminence,glcm,ClusterProminence,320.60742775814794,324.8185291138589,4.21110135571098,0.012964473939338785,True,,,,
z2_vs_z2.5,original_glcm_ClusterShade,glcm,ClusterShade,0.4646896702933936,0.4596845689117463,0.005005101381647281,0.010770847087018707,True,,,,
z2_vs_z2.5,original_glcm_ClusterTendency,glcm,ClusterTendency,11.176081133428053,11.250774406864808,0.0746932734367558,0.006638945083742922,True,,,,
z2_vs_z2.5,original_glcm_Contrast,glcm,Contrast,1.3132168855387285,1.2364562177205043,0.07676066781822422,0.058452391728677965,True,,,,
z2_vs_z2.5,original_glcm_Correlation,glcm,Correlation,0.7897701554589616,0.8020226005976422,0.012252445138680623,0.015276932507326457,True,,,,
z2_vs_z2.5,original_glcm_DifferenceAverage,glcm,DifferenceAverage,0.7569637518168958,0.720345344450767,0.03661840736612876,0.04837537765611066,True,,,,
z2_vs_z2.5,original_glcm_DifferenceEntropy,glcm,DifferenceEntropy,1.3309933268341931,1.2933829219554032,0.03761040487878997,0.02825739552597715,True,,,,
z2_vs_z2.5,original_glcm_DifferenceVariance,glcm,DifferenceVariance,0.563690419735778,0.5363456348212488,0.027344784914529296,0.048510288550489784,True,,,,
z2_vs_z2.5,original_glcm_Id,glcm,Id,0.710332845667403,0.7222178173252459,0.011884971657842969,0.016456214971072435,True,,,,
z2_vs_z2.5,original_glcm_Idm,glcm,Idm,0.6771434374637353,0.6914384151015903,0.014294977637855033,0.020674260101320417,True,,,,
z2_vs_z2.5,original_glcm_Idmn,glcm,Idmn,0.9873640777387772,0.988097840790135,0.0007337630513577498,0.0007426016139970453,True,,,,
z2_vs_z2.5,original_glcm_Idn,glcm,Idn,0.9353446889498144,0.9383732493440112,0.0030285603941968553,0.003227458153047342,True,,,,
z2_vs_z2.5,original_glcm_Imc1,glcm,Imc1,-0.3947711638423964,-0.4123650430489121,0.017593879206515672,0.04266578727535059,True,,,,
z2_vs_z2.5,original_glcm_Imc2,glcm,Imc2,0.9059736869738488,0.911664312658374,0.0056906256845251635,0.006242018696477811,True,,,,
z2_vs_z2.5,original_glcm_InverseVariance,glcm,InverseVariance,0.3070201924523631,0.3030126739898705,0.004007518462492643,0.013052947529223,True,,,,
z2_vs_z2.5,original_glcm_JointAverage,glcm,JointAverage,5.675090698698936,5.675084166538405,6.532160530703379e-06,1.1510231073841575e-06,True,,,,
z2_vs_z2.5,original_glcm_JointEnergy,glcm,JointEnergy,0.0608436188290853,0.0633039008835015,0.002460282054416202,0.03886462003256121,True,,,,
z2_vs_z2.5,original_glcm_JointEntropy,glcm,JointEntropy,4.57774587654454,4.527354222791706,0.05039165375283439,0.011007962239894356,True,,,,
z2_vs_z2.5,original_glcm_MCC,glcm,MCC,0.7930366380861338,0.8052469522468904,0.012210314160756575,0.015163440391405377,True,,,,
z2_vs_z2.5,original_glcm_MaximumProbability,glcm,MaximumProbability,0.1169646592283684,0.1210878251734689,0.004123165945100496,0.03405103642082678,True,,,,
z2_vs_z2.5,original_glcm_SumAverage,glcm,SumAverage,11.350181397397872,11.350168333076809,1.3064321063183115e-05,1.1510231075406623e-06,True,,,,
z2_vs_z2.5,original_glcm_SumEntropy,glcm,SumEntropy,3.5921286145938893,3.594882970324291,0.002754355730401503,0.0007661878712432843,True,,,,
z2_vs_z2.5,original_glcm_SumSquares,glcm,SumSquares,3.1223245047416945,3.1218076561463275,0.0005168485953670476,0.0001655332732334962,True,,,,
z2_vs_z2.5,original_gldm_DependenceEntropy,gldm,DependenceEntropy,6.801460758056764,6.801460758056764,0.0,0.0,False,,,,
z2_vs_z2.5,original_gldm_DependenceNonUniformity,gldm,DependenceNonUniformity,2075.8487547418767,2075.8487547418767,0.0,0.0,False,,,,
z2_vs_z2.5,original_gldm_DependenceNonUniformityNormalized,gldm,DependenceNonUniformityNormalized,0.0855949511274071,0.0855949511274071,0.0,0.0,False,,,,
z2_vs_z2.5,original_gldm_DependenceVariance,gldm,DependenceVariance,32.83296856833584,32.83296856833584,0.0,0.0,False,,,,
z2_vs_z2.5,original_gldm_GrayLevelNonUniformity,gldm,GrayLevelNonUniformity,3743.083621969322,3743.083621969322,0.0,0.0,False,,,,
z2_vs_z2.5,original_gldm_GrayLevelVariance,gldm,GrayLevelVariance,3.193851224412078,3.193851224412078,0.0,0.0,False,,,,
z2_vs_z2.5,original_gldm_HighGrayLevelEmphasis,gldm,HighGrayLevelEmphasis,35.28814118423223,35.28814118423223,0.0,0.0,False,,,,
z2_vs_z2.5,original_gldm_LargeDependenceEmphasis,gldm,LargeDependenceEmphasis,293.47996041563584,293.47996041563584,0.0,0.0,False,,,,
z2_vs_z2.5,original_gldm_LargeDependenceHighGrayLevelEmphasis,gldm,LargeDependenceHighGrayLevelEmphasis,10426.630710869207,10426.630710869207,0.0,0.0,False,,,,
z2_vs_z2.5,original_gldm_LargeDependenceLowGrayLevelEmphasis,gldm,LargeDependenceLowGrayLevelEmphasis,13.729170198478563,13.729170198478563,0.0,0.0,False,,,,
z2_vs_z2.5,original_gldm_LowGrayLevelEmphasis,gldm,LowGrayLevelEmphasis,0.0509695439658383,0.0509695439658383,0.0,0.0,False,,,,
z2_vs_z2.5,original_gldm_SmallDependenceEmphasis,gldm,SmallDependenceEmphasis,0.0082491557355209,0.0082491557355209,0.0,0.0,False,,,,
z2_vs_z2.5,original_gldm_SmallDependenceHighGrayLevelEmphasis,gldm,SmallDependenceHighGrayLevelEmphasis,0.2939901804103844,0.2939901804103844,0.0,0.0,False,,,,
z2_vs_z2.5,original_gldm_SmallDependenceLowGrayLevelEmphasis,gldm,SmallDependenceLowGrayLevelEmphasis,0.0005076422378324,0.0005076422378324,0.0,0.0,False,,,,
z2_vs_z2.5,original_glrlm_GrayLevelNonUniformity,glrlm,GrayLevelNonUniformity,1518.4409053027805,1518.4409053027805,0.0,0.0,False,,,,
z2_vs_z2.5,original_glrlm_GrayLevelNonUniformityNormalized,glrlm,GrayLevelNonUniformityNormalized,0.1496540944472149,0.1496540944472149,0.0,0.0,False,,,,
z2_vs_z2.5,original_glrlm_GrayLevelVariance,glrlm,GrayLevelVariance,3.378319092938215,3.378319092938215,0.0,0.0,False,,,,
z2_vs_z2.5,original_glrlm_HighGrayLevelRunEmphasis,glrlm,HighGrayLevelRunEmphasis,35.11513644124269,35.11513644124269,0.0,0.0,False,,,,
z2_vs_z2.5,original_glrlm_LongRunEmphasis,glrlm,LongRunEmphasis,10.947086247310567,10.947086247310567,0.0,0.0,False,,,,
z2_vs_z2.5,original_glrlm_LongRunHighGrayLevelEmphasis,glrlm,LongRunHighGrayLevelEmphasis,390.92894615528337,390.92894615528337,0.0,0.0,False,,,,
z2_vs_z2.5,original_glrlm_LongRunLowGrayLevelEmphasis,glrlm,LongRunLowGrayLevelEmphasis,0.5070571409042249,0.5070571409042249,0.0,0.0,False,,,,
z2_vs_z2.5,original_glrlm_LowGrayLevelRunEmphasis,glrlm,LowGrayLevelRunEmphasis,0.0550788234607977,0.0550788234607977,0.0,0.0,False,,,,
z2_vs_z2.5,original_glrlm_RunEntropy,glrlm,RunEntropy,4.995963299799543,4.995963299799543,0.0,0.0,False,,,,
z2_vs_z2.5,original_glrlm_RunLengthNonUniformity,glrlm,RunLengthNonUniformity,2959.1766689855167,2959.1766689855167,0.0,0.0,False,,,,
z2_vs_z2.5,original_glrlm_RunLengthNonUniformityNormalized,glrlm,RunLengthNonUniformityNormalized,0.2806350438735406,0.2806350438735406,0.0,0.0,False,,,,
z2_vs_z2.5,original_glrlm_RunPercentage,glrlm,RunPercentage,0.417516715512757,0.417516715512757,0.0,0.0,False,,,,
z2_vs_z2.5,original_glrlm_RunVariance,glrlm,RunVariance,3.63543994546844,3.63543994546844,0.0,0.0,False,,,,
z2_vs_z2.5,original_glrlm_ShortRunEmphasis,glrlm,ShortRunEmphasis,0.4350737558508006,0.4350737558508006,0.0,0.0,False,,,,
z2_vs_z2.5,original_glrlm_ShortRunHighGrayLevelEmphasis,glrlm,ShortRunHighGrayLevelEmphasis,15.28764108457636,15.28764108457636,0.0,0.0,False,,,,
z2_vs_z2.5,original_glrlm_ShortRunLowGrayLevelEmphasis,glrlm,ShortRunLowGrayLevelEmphasis,0.0260646153536868,0.0260646153536868,0.0,0.0,False,,,,
z2_vs_z2.5,original_glszm_GrayLevelNonUniformity,glszm,GrayLevelNonUniformity,16.81679389312977,16.81679389312977,0.0,0.0,False,,,,
z2_vs_z2.5,original_glszm_GrayLevelNonUniformityNormalized,glszm,GrayLevelNonUniformityNormalized,0.1283724724666394,0.1283724724666394,0.0,0.0,False,,,,
z2_vs_z2.5,original_glszm_GrayLevelVariance,glszm,GrayLevelVariance,5.749198764640755,5.749198764640755,0.0,0.0,False,,,,
z2_vs_z2.5,original_glszm_HighGrayLevelZoneEmphasis,glszm,HighGrayLevelZoneEmphasis,37.229007633587784,37.229007633587784,0.0,0.0,False,,,,
z2_vs_z2.5,original_glszm_LargeAreaEmphasis,glszm,LargeAreaEmphasis,252009.2213740458,252009.2213740458,0.0,0.0,False,,,,
z2_vs_z2.5,original_glszm_LargeAreaHighGrayLevelEmphasis,glszm,LargeAreaHighGrayLevelEmphasis,8292911.083969465,8292911.083969465,0.0,0.0,False,,,,
z2_vs_z2.5,original_glszm_LargeAreaLowGrayLevelEmphasis,glszm,LargeAreaLowGrayLevelEmphasis,9600.929069280244,9600.929069280244,0.0,0.0,False,,,,
z2_vs_z2.5,original_glszm_LowGrayLevelZoneEmphasis,glszm,LowGrayLevelZoneEmphasis,0.0971847875423847,0.0971847875423847,0.0,0.0,False,,,,
z2_vs_z2.5,original_glszm_SizeZoneNonUniformity,glszm,SizeZoneNonUniformity,21.748091603053435,21.748091603053435,0.0,0.0,False,,,,
z2_vs_z2.5,original_glszm_SizeZoneNonUniformityNormalized,glszm,SizeZoneNonUniformityNormalized,0.1660159664355224,0.1660159664355224,0.0,0.0,False,,,,
z2_vs_z2.5,original_glszm_SmallAreaEmphasis,glszm,SmallAreaEmphasis,0.1030255025709245,0.1030255025709245,0.0,0.0,False,,,,
z2_vs_z2.5,original_glszm_SmallAreaHighGrayLevelEmphasis,glszm,SmallAreaHighGrayLevelEmphasis,3.966933935046325,3.966933935046325,0.0,0.0,False,,,,
z2_vs_z2.5,original_glszm_SmallAreaLowGrayLevelEmphasis,glszm,SmallAreaLowGrayLevelEmphasis,0.0094957773630732,0.0094957773630732,0.0,0.0,False,,,,
z2_vs_z2.5,original_glszm_ZoneEntropy,glszm,ZoneEntropy,5.801185001517869,5.801185001517869,0.0,0.0,False,,,,
z2_vs_z2.5,original_glszm_ZonePercentage,glszm,ZonePercentage,0.0054016163615371,0.0054016163615371,0.0,0.0,False,,,,
z2_vs_z2.5,original_glszm_ZoneVariance,glszm,ZoneVariance,217736.18926635975,217736.18926635975,0.0,0.0,False,,,,
z2_vs_z2.5,original_ngtdm_Busyness,ngtdm,Busyness,21.312902831504523,19.812370512463872,1.5005323190406514,0.07040487778241918,True,,,,
z2_vs_z2.5,original_ngtdm_Coarseness,ngtdm,Coarseness,0.0009272587339018,0.0009974866603106,7.02279264087999e-05,0.07040487778245791,True,,,,
z2_vs_z2.5,original_ngtdm_Complexity,ngtdm,Complexity,23.02240914763824,21.432678925971352,1.589730221666887,0.0690514277403488,True,,,,
z2_vs_z2.5,original_ngtdm_Contrast,ngtdm,Contrast,0.0420888037375761,0.0392061688007997,0.0028826349367764015,0.06848935300584082,True,,,,
z2_vs_z2.5,original_ngtdm_Strength,ngtdm,Strength,0.0319046850396677,0.0342504781267065,0.0023457930870387986,0.06848935300583987,True,,,,
z2.5_vs_z3,original_glcm_Autocorrelation,glcm,Autocorrelation,,34.710183051513674,0.033803210297897124,0.0009729226244557756,True,34.74398626181157,,,
z2.5_vs_z3,original_glcm_ClusterProminence,glcm,ClusterProminence,,324.8185291138589,3.7803075692156654,0.011504324261688358,True,328.5988366830746,,,
z2.5_vs_z3,original_glcm_ClusterShade,glcm,ClusterShade,,0.4596845689117463,0.005390303500826921,0.01172609190164439,True,0.4542942654109194,,,
z2.5_vs_z3,original_glcm_ClusterTendency,glcm,ClusterTendency,,11.250774406864808,0.06712573259854615,0.005930935223972471,True,11.317900139463354,,,
z2.5_vs_z3,original_glcm_Contrast,glcm,Contrast,,1.2364562177205043,0.0685288207955943,0.05542357247548328,True,1.16792739692491,,,
z2.5_vs_z3,original_glcm_Correlation,glcm,Correlation,,0.8020226005976422,0.0109497903457072,0.013468834203583942,True,0.8129723909433494,,,
z2.5_vs_z3,original_glcm_DifferenceAverage,glcm,DifferenceAverage,,0.720345344450767,0.032691221665020254,0.045382706943078714,True,0.6876541227857468,,,
z2.5_vs_z3,original_glcm_DifferenceEntropy,glcm,DifferenceEntropy,,1.2933829219554032,0.03367009936842136,0.026032583851901464,True,1.2597128225869818,,,
z2.5_vs_z3,original_glcm_DifferenceVariance,glcm,DifferenceVariance,,0.5363456348212488,0.024372211534760213,0.04544124152867002,True,0.5119734232864885,,,
z2.5_vs_z3,original_glcm_Id,glcm,Id,,0.7222178173252459,0.010616205390854616,0.014486507260549675,True,0.7328340227161005,,,
z2.5_vs_z3,original_glcm_Idm,glcm,Idm,,0.6914384151015903,0.012761850919452589,0.01812247386891961,True,0.7042002660210429,,,
z2.5_vs_z3,original_glcm_Idmn,glcm,Idmn,,0.988097840790135,0.0006550000970790837,0.0006624507864790032,True,0.988752840887214,,,
z2.5_vs_z3,original_glcm_Idn,glcm,Idn,,0.9383732493440112,0.0027038382616363377,0.0028731315396442465,True,0.9410770876056476,,,
z2.5_vs_z3,original_glcm_Imc1,glcm,Imc1,,-0.4123650430489121,0.015751706478932592,0.03679301614875991,True,-0.4281167495278447,,,
z2.5_vs_z3,original_glcm_Imc2,glcm,Imc2,,0.911664312658374,0.005134062004601203,0.005599990299381299,True,0.9167983746629752,,,
z2.5_vs_z3,original_glcm_InverseVariance,glcm,InverseVariance,,0.3030126739898705,0.0036333067008503805,0.01199060967651749,True,0.2993793672890201,,,
z2.5_vs_z3,original_glcm_JointAverage,glcm,JointAverage,,5.675084166538405,9.775933287770044e-06,1.7226058681933185e-06,True,5.6750743906051175,,,
z2.5_vs_z3,original_glcm_JointEnergy,glcm,JointEnergy,,0.0633039008835015,0.002197663431190197,0.03355131215846812,True,0.0655015643146917,,,
z2.5_vs_z3,original_glcm_JointEntropy,glcm,JointEntropy,,4.527354222791706,0.04507207805472291,0.009955500682456006,True,4.482282144736983,,,
z2.5_vs_z3,original_glcm_MCC,glcm,MCC,,0.8052469522468904,0.010912144113309985,0.013370118843218851,True,0.8161590963602003,,,
z2.5_vs_z3,original_glcm_MaximumProbability,glcm,MaximumProbability,,0.1210878251734689,0.003683582709147301,0.029522650835300198,True,0.1247714078826162,,,
z2.5_vs_z3,original_glcm_SumAverage,glcm,SumAverage,,11.350168333076809,1.9551866571987375e-05,1.7226058678803089e-06,True,11.350148781210237,,,
z2.5_vs_z3,original_glcm_SumEntropy,glcm,SumEntropy,,3.594882970324291,0.0023514589806312713,0.000653685220366812,True,3.597234429304922,,,
z2.5_vs_z3,original_glcm_SumSquares,glcm,SumSquares,,3.1218076561463275,0.00035077204926192707,0.000112361839004179,True,3.1214568840970656,,,
z2.5_vs_z3,original_gldm_DependenceEntropy,gldm,DependenceEntropy,,6.801460758056764,0.0020577705528888046,0.0003025483239686775,True,6.799402987503875,,,
z2.5_vs_z3,original_gldm_DependenceNonUniformity,gldm,DependenceNonUniformity,,2075.8487547418767,946.5211391500361,0.3131718394439135,True,3022.369893891913,,,
z2.5_vs_z3,original_gldm_DependenceNonUniformityNormalized,gldm,DependenceNonUniformityNormalized,,0.0855949511274071,0.0025125965754276003,0.02935449512305497,True,0.0830823545519795,,,
z2.5_vs_z3,original_gldm_DependenceVariance,gldm,DependenceVariance,,32.83296856833584,4.105376180782116,0.11114131422686847,True,36.93834474911796,,,
z2.5_vs_z3,original_gldm_GrayLevelNonUniformity,gldm,GrayLevelNonUniformity,,3743.083621969322,1871.5418109846614,0.33333333333333337,True,5614.625432953983,,,
z2.5_vs_z3,original_gldm_GrayLevelVariance,gldm,GrayLevelVariance,,3.193851224412078,0.0,0.0,False,3.193851224412078,,,
z2.5_vs_z3,original_gldm_HighGrayLevelEmphasis,gldm,HighGrayLevelEmphasis,,35.28814118423223,0.0,0.0,False,35.28814118423223,,,
z2.5_vs_z3,original_gldm_LargeDependenceEmphasis,gldm,LargeDependenceEmphasis,,293.47996041563584,50.13475177304963,0.1459039732429142,True,343.6147121886855,,,
z2.5_vs_z3,original_gldm_LargeDependenceHighGrayLevelEmphasis,gldm,LargeDependenceHighGrayLevelEmphasis,,10426.630710869207,1788.3361922040785,0.1464053244183685,True,12214.966903073286,,,
z2.5_vs_z3,original_gldm_LargeDependenceLowGrayLevelEmphasis,gldm,LargeDependenceLowGrayLevelEmphasis,,13.729170198478563,2.3306400652046086,0.1451225155800874,True,16.059810263683172,,,
z2.5_vs_z3,original_gldm_LowGrayLevelEmphasis,gldm,LowGrayLevelEmphasis,,0.0509695439658383,0.0,0.0,False,0.0509695439658383,,,
z2.5_vs_z3,original_gldm_SmallDependenceEmphasis,gldm,SmallDependenceEmphasis,,0.0082491557355209,0.0011968716024459009,0.1450901935687996,True,0.007052284133075,,,
z2.5_vs_z3,original_gldm_SmallDependenceHighGrayLevelEmphasis,gldm,SmallDependenceHighGrayLevelEmphasis,,0.2939901804103844,0.04279426157867261,0.14556357467088046,True,0.2511959188317118,,,
z2.5_vs_z3,original_gldm_SmallDependenceLowGrayLevelEmphasis,gldm,SmallDependenceLowGrayLevelEmphasis,,0.0005076422378324,7.544412112060002e-05,0.14861671369731094,True,0.0004321981167118,,,
z2.5_vs_z3,original_glrlm_GrayLevelNonUniformity,glrlm,GrayLevelNonUniformity,,1518.4409053027805,459.57612597983075,0.23234184474227024,True,1978.0170312826112,,,
z2.5_vs_z3,original_glrlm_GrayLevelNonUniformityNormalized,glrlm,GrayLevelNonUniformityNormalized,,0.1496540944472149,0.0006706836182789888,0.004481558762266597,True,0.1489834108289359,,,
z2.5_vs_z3,original_glrlm_GrayLevelVariance,glrlm,GrayLevelVariance,,3.378319092938215,0.027792612301018593,0.008159630307564014,True,3.406111705239234,,,
z2.5_vs_z3,original_glrlm_HighGrayLevelRunEmphasis,glrlm,HighGrayLevelRunEmphasis,,35.11513644124269,0.03328362423282272,0.0009478426572118096,True,35.08185281700987,,,
z2.5_vs_z3,original_glrlm_LongRunEmphasis,glrlm,LongRunEmphasis,,10.947086247310567,2.5032698254536143,0.18611178855870747,True,13.450356072764182,,,
z2.5_vs_z3,original_glrlm_LongRunHighGrayLevelEmphasis,glrlm,LongRunHighGrayLevelEmphasis,,390.92894615528337,88.96465937756517,0.18538413171557788,True,479.89360553284854,,,
z2.5_vs_z3,original_glrlm_LongRunLowGrayLevelEmphasis,glrlm,LongRunLowGrayLevelEmphasis,,0.5070571409042249,0.11950454181155867,0.1907306895844243,True,0.6265616827157836,,,
z2.5_vs_z3,original_glrlm_LowGrayLevelRunEmphasis,glrlm,LowGrayLevelRunEmphasis,,0.0550788234607977,0.0006256833629161018,0.011232185663113061,True,0.0557045068237138,,,
z2.5_vs_z3,original_glrlm_RunEntropy,glrlm,RunEntropy,,4.995963299799543,0.23862311473937226,0.04558585833574231,True,5.234586414538915,,,
z2.5_vs_z3,original_glrlm_RunLengthNonUniformity,glrlm,RunLengthNonUniformity,,2959.1766689855167,314.38809297054377,0.09603845221705244,True,3273.5647619560605,,,
z2.5_vs_z3,original_glrlm_RunLengthNonUniformityNormalized,glrlm,RunLengthNonUniformityNormalized,,0.2806350438735406,0.03360391121421119,0.11974239122236545,True,0.2470311326593294,,,
z2.5_vs_z3,original_glrlm_RunPercentage,glrlm,RunPercentage,,0.417516715512757,0.05260047281323871,0.12598411239329538,True,0.3649162426995183,,,
z2.5_vs_z3,original_glrlm_RunVariance,glrlm,RunVariance,,3.63543994546844,0.7143824426604506,0.16423255455442806,True,4.34982238812889,,,
z2.5_vs_z3,original_glrlm_ShortRunEmphasis,glrlm,ShortRunEmphasis,,0.4350737558508006,0.03188180141789232,0.07327907277593988,True,0.4031919544329083,,,
z2.5_vs_z3,original_glrlm_ShortRunHighGrayLevelEmphasis,glrlm,ShortRunHighGrayLevelEmphasis,,15.28764108457636,1.1179496505127187,0.0731276751153331,True,14.169691434063642,,,
z2.5_vs_z3,original_glrlm_ShortRunLowGrayLevelEmphasis,glrlm,ShortRunLowGrayLevelEmphasis,,0.0260646153536868,0.001341380871975703,0.05146367417181036,True,0.0247232344817111,,,
z2.5_vs_z3,original_glszm_GrayLevelNonUniformity,glszm,GrayLevelNonUniformity,,16.81679389312977,0.0,0.0,False,16.81679389312977,,,
z2.5_vs_z3,original_glszm_GrayLevelNonUniformityNormalized,glszm,GrayLevelNonUniformityNormalized,,0.1283724724666394,0.0,0.0,False,0.1283724724666394,,,
z2.5_vs_z3,original_glszm_GrayLevelVariance,glszm,GrayLevelVariance,,5.749198764640755,0.0,0.0,False,5.749198764640755,,,
z2.5_vs_z3,original_glszm_HighGrayLevelZoneEmphasis,glszm,HighGrayLevelZoneEmphasis,,37.229007633587784,0.0,0.0,False,37.229007633587784,,,
z2.5_vs_z3,original_glszm_LargeAreaEmphasis,glszm,LargeAreaEmphasis,,252009.2213740458,315011.5267175572,0.5555555555555555,True,567020.748091603,,,
z2.5_vs_z3,original_glszm_LargeAreaHighGrayLevelEmphasis,glszm,LargeAreaHighGrayLevelEmphasis,,8292911.083969465,10366138.854961831,0.5555555555555555,True,18659049.938931298,,,
z2.5_vs_z3,original_glszm_LargeAreaLowGrayLevelEmphasis,glszm,LargeAreaLowGrayLevelEmphasis,,9600.929069280244,12001.161336600306,0.5555555555555556,True,21602.09040588055,,,
z2.5_vs_z3,original_glszm_LowGrayLevelZoneEmphasis,glszm,LowGrayLevelZoneEmphasis,,0.0971847875423847,0.0,0.0,False,0.0971847875423847,,,
z2.5_vs_z3,original_glszm_SizeZoneNonUniformity,glszm,SizeZoneNonUniformity,,21.748091603053435,0.0,0.0,False,21.748091603053435,,,
z2.5_vs_z3,original_glszm_SizeZoneNonUniformityNormalized,glszm,SizeZoneNonUniformityNormalized,,0.1660159664355224,0.0,0.0,False,0.1660159664355224,,,
z2.5_vs_z3,original_glszm_SmallAreaEmphasis,glszm,SmallAreaEmphasis,,0.1030255025709245,0.057236390317180294,0.5555555555555558,True,0.0457891122537442,,,
z2.5_vs_z3,original_glszm_SmallAreaHighGrayLevelEmphasis,glszm,SmallAreaHighGrayLevelEmphasis,,3.966933935046325,2.203852186136847,0.5555555555555556,True,1.7630817489094777,,,
z2.5_vs_z3,original_glszm_SmallAreaLowGrayLevelEmphasis,glszm,SmallAreaLowGrayLevelEmphasis,,0.0094957773630732,0.005275431868374,0.5555555555555556,True,0.0042203454946992,,,
z2.5_vs_z3,original_glszm_ZoneEntropy,glszm,ZoneEntropy,,5.801185001517869,0.0,0.0,False,5.801185001517869,,,
z2.5_vs_z3,original_glszm_ZonePercentage,glszm,ZonePercentage,,0.0054016163615371,0.0018005387871790003,0.3333333333333272,True,0.0036010775743581,,,
z2.5_vs_z3,original_glszm_ZoneVariance,glszm,ZoneVariance,,217736.18926635975,272170.23658294976,0.5555555555555557,True,489906.4258493095,,,
z2.5_vs_z3,original_ngtdm_Busyness,ngtdm,Busyness,,19.812370512463872,1.2693889284457107,0.0640705223863618,True,18.54298158401816,,,
z2.5_vs_z3,original_ngtdm_Coarseness,ngtdm,Coarseness,,0.0009974866603106,6.828451601119997e-05,0.06407052238630076,True,0.0010657711763218,,,
z2.5_vs_z3,original_ngtdm_Complexity,ngtdm,Complexity,,21.432678925971352,1.3470177035088469,0.06284877910789673,True,20.085661222462505,,,
z2.5_vs_z3,original_ngtdm_Contrast,ngtdm,Contrast,,0.0392061688007997,0.002443886884653898,0.062334243804103844,True,0.0367622819161458,,,
z2.5_vs_z3,original_ngtdm_Strength,ngtdm,Strength,,0.0342504781267065,0.0022769069253621016,0.06233424380410601,True,0.0365273850520686,,,
z3_vs_z3.5,original_glcm_Autocorrelation,glcm,Autocorrelation,,,0.030036767089505645,0.0008637702650780945,True,34.74398626181157,34.77402302890108,,
z3_vs_z3.5,original_glcm_ClusterProminence,glcm,ClusterProminence,,,3.3657694719581173,0.010138940747153779,True,328.5988366830746,331.9646061550327,,
z3_vs_z3.5,original_glcm_ClusterShade,glcm,ClusterShade,,,0.005242477450301097,0.011539827485075468,True,0.4542942654109194,0.4490517879606183,,
z3_vs_z3.5,original_glcm_ClusterTendency,glcm,ClusterTendency,,,0.05980147749752085,0.005256024416071351,True,11.317900139463354,11.377701616960875,,
z3_vs_z3.5,original_glcm_Contrast,glcm,Contrast,,,0.060826045147248875,0.052080330770046646,True,1.16792739692491,1.1071013517776611,,
z3_vs_z3.5,original_glcm_Correlation,glcm,Correlation,,,0.00972465789917576,0.011820460414751268,True,0.8129723909433494,0.8226970488425251,,
z3_vs_z3.5,original_glcm_DifferenceAverage,glcm,DifferenceAverage,,,0.02901653337116683,0.04219640719031586,True,0.6876541227857468,0.65863758941458,,
z3_vs_z3.5,original_glcm_DifferenceEntropy,glcm,DifferenceEntropy,,,0.029931526467634972,0.023760595217381962,True,1.2597128225869818,1.2297812961193468,,
z3_vs_z3.5,original_glcm_DifferenceVariance,glcm,DifferenceVariance,,,0.021612740038233325,0.042214574146243,True,0.5119734232864885,0.4903606832482552,,
z3_vs_z3.5,original_glcm_Id,glcm,Id,,,0.009425791543671624,0.012698776577405868,True,0.7328340227161005,0.7422598142597722,,
z3_vs_z3.5,original_glcm_Idm,glcm,Idm,,,0.011327315507975166,0.015830718200645338,True,0.7042002660210429,0.7155275815290181,,
z3_vs_z3.5,original_glcm_Idmn,glcm,Idmn,,,0.0005813399113405726,0.0005876072237505594,True,0.988752840887214,0.9893341807985546,,
z3_vs_z3.5,original_glcm_Idn,glcm,Idn,,,0.002399949997966999,0.0025437291023666614,True,0.9410770876056476,0.9434770376036146,,
z3_vs_z3.5,original_glcm_Imc1,glcm,Imc1,,,0.014003273026551522,0.031673012558097006,True,-0.4281167495278447,-0.4421200225543962,,
z3_vs_z3.5,original_glcm_Imc2,glcm,Imc2,,,0.004583745944406248,0.0049748587929887445,True,0.9167983746629752,0.9213821206073814,,
z3_vs_z3.5,original_glcm_InverseVariance,glcm,InverseVariance,,,0.003252584244725687,0.010864423537864085,True,0.2993793672890201,0.2961267830442944,,
z3_vs_z3.5,original_glcm_JointAverage,glcm,JointAverage,,,1.0625482746107195e-05,1.872307218333085e-06,True,5.6750743906051175,5.675063765122371,,
z3_vs_z3.5,original_glcm_JointEnergy,glcm,JointEnergy,,,0.0019512402392903028,0.028927488666964752,True,0.0655015643146917,0.067452804553982,,
z3_vs_z3.5,original_glcm_JointEntropy,glcm,JointEntropy,,,0.04004754008640532,0.008934631688330561,True,4.482282144736983,4.442234604650578,,
z3_vs_z3.5,original_glcm_MCC,glcm,MCC,,,0.009691207268288426,0.01173482315827548,True,0.8161590963602003,0.8258503036284888,,
z3_vs_z3.5,original_glcm_MaximumProbability,glcm,MaximumProbability,,,0.0032708261515377868,0.025544900682264934,True,0.1247714078826162,0.128042234034154,,
z3_vs_z3.5,original_glcm_SumAverage,glcm,SumAverage,,,2.125096549221439e-05,1.8723072183330847e-06,True,11.350148781210237,11.350127530244745,,
z3_vs_z3.5,original_glcm_SumEntropy,glcm,SumEntropy,,,0.002033901157217688,0.0005650873929025843,True,3.597234429304922,3.59926833046214,,
z3_vs_z3.5,original_glcm_SumSquares,glcm,SumSquares,,,0.00025614191243095163,8.205844960919428e-05,True,3.1214568840970656,3.1212007421846346,,
z3_vs_z3.5,original_gldm_DependenceEntropy,gldm,DependenceEntropy,,,0.13263190426321536,0.019506404386821878,True,6.799402987503875,6.6667710832406595,,
z3_vs_z3.5,original_gldm_DependenceNonUniformity,gldm,DependenceNonUniformity,,,1464.8383363571388,0.3264475952959813,True,3022.369893891913,4487.208230249052,,
z3_vs_z3.5,original_gldm_DependenceNonUniformityNormalized,gldm,DependenceNonUniformityNormalized,,,0.009429772906560996,0.10193012706130845,True,0.0830823545519795,0.0925121274585405,,
z3_vs_z3.5,original_gldm_DependenceVariance,gldm,DependenceVariance,,,0.6499155521216835,0.01729038659712191,True,36.93834474911796,37.58826030123964,,
z3_vs_z3.5,original_gldm_GrayLevelNonUniformity,gldm,GrayLevelNonUniformity,,,1871.5418109846605,0.24999999999999994,True,5614.625432953983,7486.167243938644,,
z3_vs_z3.5,original_gldm_GrayLevelVariance,gldm,GrayLevelVariance,,,0.0,0.0,False,3.193851224412078,3.193851224412078,,
z3_vs_z3.5,original_gldm_HighGrayLevelEmphasis,gldm,HighGrayLevelEmphasis,,,0.0,0.0,False,35.28814118423223,35.28814118423223,,
z3_vs_z3.5,original_gldm_LargeDependenceEmphasis,gldm,LargeDependenceEmphasis,,,25.067375886524815,0.06799184635574465,True,343.6147121886855,368.6820880752103,,
z3_vs_z3.5,original_gldm_LargeDependenceHighGrayLevelEmphasis,gldm,LargeDependenceHighGrayLevelEmphasis,,,894.1680961020375,0.06820954213670759,True,12214.966903073286,13109.134999175323,,
z3_vs_z3.5,original_gldm_LargeDependenceLowGrayLevelEmphasis,gldm,LargeDependenceLowGrayLevelEmphasis,,,1.1653200326023025,0.0676523203341805,True,16.059810263683172,17.225130296285474,,
z3_vs_z3.5,original_gldm_LowGrayLevelEmphasis,gldm,LowGrayLevelEmphasis,,,0.0,0.0,False,0.0509695439658383,0.0509695439658383,,
z3_vs_z3.5,original_gldm_SmallDependenceEmphasis,gldm,SmallDependenceEmphasis,,,0.0005984358012229999,0.08485701794349919,True,0.007052284133075,0.006453848331852,,
z3_vs_z3.5,original_gldm_SmallDependenceHighGrayLevelEmphasis,gldm,SmallDependenceHighGrayLevelEmphasis,,,0.021397130789336277,0.08518104469552008,True,0.2511959188317118,0.2297987880423755,,
z3_vs_z3.5,original_gldm_SmallDependenceLowGrayLevelEmphasis,gldm,SmallDependenceLowGrayLevelEmphasis,,,3.772206056030001e-05,0.0872795579196241,True,0.0004321981167118,0.0003944760561515,,
z3_vs_z3.5,original_glrlm_GrayLevelNonUniformity,glrlm,GrayLevelNonUniformity,,,460.31782361330806,0.18878367861946377,True,1978.0170312826112,2438.3348548959193,,
z3_vs_z3.5,original_glrlm_GrayLevelNonUniformityNormalized,glrlm,GrayLevelNonUniformityNormalized,,,0.0003877254401140895,0.0026024739127450862,True,0.1489834108289359,0.1485956853888218,,
z3_vs_z3.5,original_glrlm_GrayLevelVariance,glrlm,GrayLevelVariance,,,0.017662688286995465,0.005158835325245898,True,3.406111705239234,3.4237743935262293,,
z3_vs_z3.5,original_glrlm_HighGrayLevelRunEmphasis,glrlm,HighGrayLevelRunEmphasis,,,0.020912461519962733,0.0005961048188943735,True,35.08185281700987,35.060940355489905,,
z3_vs_z3.5,original_glrlm_LongRunEmphasis,glrlm,LongRunEmphasis,,,2.56246612878814,0.16002589028558178,True,13.450356072764182,16.01282220155232,,
z3_vs_z3.5,original_glrlm_LongRunHighGrayLevelEmphasis,glrlm,LongRunHighGrayLevelEmphasis,,,91.11886200762257,0.15957420754769144,True,479.89360553284854,571.0124675404711,,
z3_vs_z3.5,original_glrlm_LongRunLowGrayLevelEmphasis,glrlm,LongRunLowGrayLevelEmphasis,,,0.12281765802138067,0.16389250589770057,True,0.6265616827157836,0.7493793407371643,,
z3_vs_z3.5,original_glrlm_LowGrayLevelRunEmphasis,glrlm,LowGrayLevelRunEmphasis,,,0.0003986505280879002,0.007105670106730595,True,0.0557045068237138,0.0561031573518017,,
z3_vs_z3.5,original_glrlm_RunEntropy,glrlm,RunEntropy,,,0.12731034470476832,0.023743527788984496,True,5.234586414538915,5.361896759243684,,
z3_vs_z3.5,original_glrlm_RunLengthNonUniformity,glrlm,RunLengthNonUniformity,,,450.0335778468466,0.12085986102106469,True,3273.5647619560605,3723.598339802907,,
z3_vs_z3.5,original_glrlm_RunLengthNonUniformityNormalized,glrlm,RunLengthNonUniformityNormalized,,,0.014157072739551413,0.05730886057618841,True,0.2470311326593294,0.232874059919778,,
z3_vs_z3.5,original_glrlm_RunPercentage,glrlm,RunPercentage,,,0.02630023640661938,0.07207198071551914,True,0.3649162426995183,0.3386160062928989,,
z3_vs_z3.5,original_glrlm_RunVariance,glrlm,RunVariance,,,0.692581122200921,0.1373513882381898,True,4.34982238812889,5.0424035103298115,,
z3_vs_z3.5,original_glrlm_ShortRunEmphasis,glrlm,ShortRunEmphasis,,,0.015099977878747062,0.037451089270829484,True,0.4031919544329083,0.3880919765541612,,
z3_vs_z3.5,original_glrlm_ShortRunHighGrayLevelEmphasis,glrlm,ShortRunHighGrayLevelEmphasis,,,0.5227605745026658,0.03689286932854164,True,14.169691434063642,13.646930859560976,,
z3_vs_z3.5,original_glrlm_ShortRunLowGrayLevelEmphasis,glrlm,ShortRunLowGrayLevelEmphasis,,,0.0006199162476893984,0.025074237278620588,True,0.0247232344817111,0.0241033182340217,,
z3_vs_z3.5,original_glszm_GrayLevelNonUniformity,glszm,GrayLevelNonUniformity,,,0.0,0.0,False,16.81679389312977,16.81679389312977,,
z3_vs_z3.5,original_glszm_GrayLevelNonUniformityNormalized,glszm,GrayLevelNonUniformityNormalized,,,0.0,0.0,False,0.1283724724666394,0.1283724724666394,,
z3_vs_z3.5,original_glszm_GrayLevelVariance,glszm,GrayLevelVariance,,,0.0,0.0,False,5.749198764640755,5.749198764640755,,
z3_vs_z3.5,original_glszm_HighGrayLevelZoneEmphasis,glszm,HighGrayLevelZoneEmphasis,,,0.0,0.0,False,37.229007633587784,37.229007633587784,,
z3_vs_z3.5,original_glszm_LargeAreaEmphasis,glszm,LargeAreaEmphasis,,,441016.13740458013,0.4375,True,567020.748091603,1008036.8854961832,,
z3_vs_z3.5,original_glszm_LargeAreaHighGrayLevelEmphasis,glszm,LargeAreaHighGrayLevelEmphasis,,,14512594.396946564,0.4375,True,18659049.938931298,33171644.33587786,,
z3_vs_z3.5,original_glszm_LargeAreaLowGrayLevelEmphasis,glszm,LargeAreaLowGrayLevelEmphasis,,,16801.625871240427,0.4375,True,21602.09040588055,38403.71627712098,,
z3_vs_z3.5,original_glszm_LowGrayLevelZoneEmphasis,glszm,LowGrayLevelZoneEmphasis,,,0.0,0.0,False,0.0971847875423847,0.0971847875423847,,
z3_vs_z3.5,original_glszm_SizeZoneNonUniformity,glszm,SizeZoneNonUniformity,,,0.0,0.0,False,21.748091603053435,21.748091603053435,,
z3_vs_z3.5,original_glszm_SizeZoneNonUniformityNormalized,glszm,SizeZoneNonUniformityNormalized,,,0.0,0.0,False,0.1660159664355224,0.1660159664355224,,
z3_vs_z3.5,original_glszm_SmallAreaEmphasis,glszm,SmallAreaEmphasis,,,0.0200327366110131,0.4375000000000003,True,0.0457891122537442,0.0257563756427311,,
z3_vs_z3.5,original_glszm_SmallAreaHighGrayLevelEmphasis,glszm,SmallAreaHighGrayLevelEmphasis,,,0.7713482651478965,0.4375,True,1.7630817489094777,0.9917334837615812,,
z3_vs_z3.5,original_glszm_SmallAreaLowGrayLevelEmphasis,glszm,SmallAreaLowGrayLevelEmphasis,,,0.0018464011539309003,0.4375,True,0.0042203454946992,0.0023739443407683,,
z3_vs_z3.5,original_glszm_ZoneEntropy,glszm,ZoneEntropy,,,0.0,0.0,False,5.801185001517869,5.801185001517869,,
z3_vs_z3.5,original_glszm_ZonePercentage,glszm,ZonePercentage,,,0.0009002693935896001,0.25000000000002087,True,0.0036010775743581,0.0027008081807685,,
z3_vs_z3.5,original_glszm_ZoneVariance,glszm,ZoneVariance,,,381038.33121612953,0.43749999999999994,True,489906.4258493095,870944.757065439,,
z3_vs_z3.5,original_ngtdm_Busyness,ngtdm,Busyness,,,1.0693165100297009,0.05766691322992653,True,18.54298158401816,17.47366507398846,,
z3_vs_z3.5,original_ngtdm_Coarseness,ngtdm,Coarseness,,,6.52208171514001e-05,0.057666913229961404,True,0.0010657711763218,0.0011309919934732,,
z3_vs_z3.5,original_ngtdm_Complexity,ngtdm,Complexity,,,1.137367606200204,0.056625848340419366,True,20.085661222462505,18.9482936162623,,
z3_vs_z3.5,original_ngtdm_Contrast,ngtdm,Contrast,,,0.0020649400025139,0.05617007146683649,True,0.0367622819161458,0.0346973419136319,,
z3_vs_z3.5,original_ngtdm_Strength,ngtdm,Strength,,,0.0021738512064986004,0.05617007146683538,True,0.0365273850520686,0.0387012362585672,,
z5_vs_z5.5,original_glcm_Autocorrelation,glcm,Autocorrelation,,,0.019035017437957436,0.0005459682673514559,True,,,34.845660563310936,34.864695580748894
z5_vs_z5.5,original_glcm_ClusterProminence,glcm,ClusterProminence,,,2.1391165571394026,0.00625205971352759,True,,,340.0067769811122,342.1458935382516
z5_vs_z5.5,original_glcm_ClusterShade,glcm,ClusterShade,,,0.0037394229018660186,0.008585668195087166,True,,,0.4355424431619389,0.4318030202600729
z5_vs_z5.5,original_glcm_ClusterTendency,glcm,ClusterTendency,,,0.03804068895946777,0.003291083307088912,True,,,11.520672783145317,11.558713472104785
z5_vs_z5.5,original_glcm_Contrast,glcm,Contrast,,,0.03848443709286753,0.03999704766298826,True,,,0.9621819444558544,0.9236975073629868
z5_vs_z5.5,original_glcm_Correlation,glcm,Correlation,,,0.006157993393121286,0.00722737902617375,True,,,0.8458788751342227,0.852036868527344
z5_vs_z5.5,original_glcm_DifferenceAverage,glcm,DifferenceAverage,,,0.018358522651494513,0.03114224761777393,True,,,0.5895053843517924,0.5711468617002979
z5_vs_z5.5,original_glcm_DifferenceEntropy,glcm,DifferenceEntropy,,,0.01897982921321595,0.016384990971367534,True,,,1.15836677886383,1.1393869496506142
z5_vs_z5.5,original_glcm_DifferenceVariance,glcm,DifferenceVariance,,,0.01365581954054651,0.031112857679449327,True,,,0.4389124162505476,0.4252565967100011
z5_vs_z5.5,original_glcm_Id,glcm,Id,,,0.0059663092518333904,0.00774151982662179,True,,,0.7647233467142022,0.7706896559660356
z5_vs_z5.5,original_glcm_Idm,glcm,Idm,,,0.007166669881609744,0.009559617788800639,True,,,0.7425149638345101,0.7496816337161198
z5_vs_z5.5,original_glcm_Idmn,glcm,Idmn,,,0.00036777767743589873,0.0003710851851286446,True,,,0.99071915377309,0.991086931450526
z5_vs_z5.5,original_glcm_Idn,glcm,Idn,,,0.0015184647167173493,0.0015971843492238813,True,,,0.949195031477517,0.9507134961942344
z5_vs_z5.5,original_glcm_Imc1,glcm,Imc1,,,0.00888013842372165,0.018331777650641062,True,,,-0.475532153332998,-0.4844122917567196
z5_vs_z5.5,original_glcm_Imc2,glcm,Imc2,,,0.0029248803941062107,0.003127252541769249,True,,,0.9323626779466264,0.9352875583407326
z5_vs_z5.5,original_glcm_InverseVariance,glcm,InverseVariance,,,0.0020834802897503057,0.007226383623316686,True,,,0.2883157604624999,0.2862322801727496
z5_vs_z5.5,original_glcm_JointAverage,glcm,JointAverage,,,8.509986453297813e-06,1.4995480646322047e-06,True,,,5.675034134624464,5.67502562463801
z5_vs_z5.5,original_glcm_JointEnergy,glcm,JointEnergy,,,0.0012350872698478066,0.016841008844225847,True,,,0.0721029936772014,0.0733380809470492
z5_vs_z5.5,original_glcm_JointEntropy,glcm,JointEntropy,,,0.025376099972947763,0.005837977020868245,True,,,4.346728307124056,4.321352207151108
z5_vs_z5.5,original_glcm_MCC,glcm,MCC,,,0.006136779057733244,0.007176771480697106,True,,,0.8489523197437179,0.8550890988014511
z5_vs_z5.5,original_glcm_MaximumProbability,glcm,MaximumProbability,,,0.0020706268140932016,0.015014493352543512,True,,,0.1358379103222884,0.1379085371363816
z5_vs_z5.5,original_glcm_SumAverage,glcm,SumAverage,,,1.7019972903042913e-05,1.4995480643191922e-06,True,,,11.350068269248927,11.350051249276024
z5_vs_z5.5,original_glcm_SumEntropy,glcm,SumEntropy,,,0.001237873798927147,0.0003433546478532501,True,,,3.6039959760023863,3.6052338498013135
z5_vs_z5.5,original_glcm_SumSquares,glcm,SumSquares,,,0.00011093703335030014,3.5548609920134484e-05,True,,,3.1207136819002925,3.1206027448669422
z5_vs_z5.5,original_gldm_DependenceEntropy,gldm,DependenceEntropy,,,0.09681990446608424,0.014786202166112043,True,,,6.547990036818396,6.451170132352312
z5_vs_z5.5,original_gldm_DependenceNonUniformity,gldm,DependenceNonUniformity,,,1775.8286546813997,0.2237912320649349,True,,,6159.373445489032,7935.202100170432
z5_vs_z5.5,original_gldm_DependenceNonUniformityNormalized,gldm,DependenceNonUniformityNormalized,,,0.007476413843306301,0.06854947847792184,True,,,0.1015895339846451,0.1090659478279514
z5_vs_z5.5,original_gldm_DependenceVariance,gldm,DependenceVariance,,,0.22632825908470267,0.006030704646095119,True,,,37.52932242026646,37.30299416118176
z5_vs_z5.5,original_gldm_GrayLevelNonUniformity,gldm,GrayLevelNonUniformity,,,1871.541810984665,0.166666666666667,True,,,9357.709054923303,11229.250865907969
z5_vs_z5.5,original_gldm_GrayLevelVariance,gldm,GrayLevelVariance,,,0.0,0.0,False,,,3.193851224412078,3.193851224412078
z5_vs_z5.5,original_gldm_HighGrayLevelEmphasis,gldm,HighGrayLevelEmphasis,,,0.0,0.0,False,,,35.28814118423223,35.28814118423223
z5_vs_z5.5,original_gldm_LargeDependenceEmphasis,gldm,LargeDependenceEmphasis,,,10.02695035460988,0.025465305409493353,True,,,383.7225136071252,393.7494639617351
z5_vs_z5.5,original_gldm_LargeDependenceHighGrayLevelEmphasis,gldm,LargeDependenceHighGrayLevelEmphasis,,,357.6672384408157,0.025541633713651424,True,,,13645.63585683655,14003.303095277366
z5_vs_z5.5,original_gldm_LargeDependenceLowGrayLevelEmphasis,gldm,LargeDependenceLowGrayLevelEmphasis,,,0.46612801304091533,0.02534619896222553,True,,,17.924322315846855,18.39045032888777
z5_vs_z5.5,original_gldm_LowGrayLevelEmphasis,gldm,LowGrayLevelEmphasis,,,0.0,0.0,False,,,0.0509695439658383,0.0509695439658383
z5_vs_z5.5,original_gldm_SmallDependenceEmphasis,gldm,SmallDependenceEmphasis,,,0.00023937432048919995,0.03927525709045631,True,,,0.0060947868511182,0.005855412530629
z5_vs_z5.5,original_gldm_SmallDependenceHighGrayLevelEmphasis,gldm,SmallDependenceHighGrayLevelEmphasis,,,0.0085588523157345,0.03944889479078889,True,,,0.2169605095687737,0.2084016572530392
z5_vs_z5.5,original_gldm_SmallDependenceLowGrayLevelEmphasis,gldm,SmallDependenceLowGrayLevelEmphasis,,,1.5088824224100011e-05,0.04057850096874481,True,,,0.0003718428198154,0.0003567539955913
z5_vs_z5.5,original_glrlm_GrayLevelNonUniformity,glrlm,GrayLevelNonUniformity,,,460.9623995480747,0.1371904920791352,True,,,2899.054701944491,3360.017101492566
z5_vs_z5.5,original_glrlm_GrayLevelNonUniformityNormalized,glrlm,GrayLevelNonUniformityNormalized,,,0.0001742280617861025,0.0011744769861843673,True,,,0.1483452326742761,0.14817100461249
z5_vs_z5.5,original_glrlm_GrayLevelVariance,glrlm,GrayLevelVariance,,,0.008967028293806134,0.002602935918467398,True,,,3.435999953100764,3.44496698139457
z5_vs_z5.5,original_glrlm_HighGrayLevelRunEmphasis,glrlm,HighGrayLevelRunEmphasis,,,0.010477629300901015,0.0002989629937263009,True,,,35.04657606718118,35.03609843788028
z5_vs_z5.5,original_glrlm_LongRunEmphasis,glrlm,LongRunEmphasis,,,2.8560028552474286,0.1325434774943215,True,,,18.691665194806465,21.547668050053893
z5_vs_z5.5,original_glrlm_LongRunHighGrayLevelEmphasis,glrlm,LongRunHighGrayLevelEmphasis,,,101.24268495300782,0.13192934757422115,True,,,666.1581005018771,767.400785454885
z5_vs_z5.5,original_glrlm_LongRunLowGrayLevelEmphasis,glrlm,LongRunLowGrayLevelEmphasis,,,0.13958303611871836,0.1370368038779604,True,,,0.8789976091437436,1.018580645262462
z5_vs_z5.5,original_glrlm_LowGrayLevelRunEmphasis,glrlm,LowGrayLevelRunEmphasis,,,0.00020293856791509662,0.003586597647640586,True,,,0.0563795353676818,0.0565824739355969
z5_vs_z5.5,original_glrlm_RunEntropy,glrlm,RunEntropy,,,0.048906323658552076,0.008913373951981236,True,,,5.43794118459407,5.486847508252622
z5_vs_z5.5,original_glrlm_RunLengthNonUniformity,glrlm,RunLengthNonUniformity,,,516.8594724544173,0.10912224282669693,True,,,4219.658574331612,4736.518046786029
z5_vs_z5.5,original_glrlm_RunLengthNonUniformityNormalized,glrlm,RunLengthNonUniformityNormalized,,,0.004827673602836091,0.021440959128769446,True,,,0.2251612707175178,0.2203335971146817
z5_vs_z5.5,original_glrlm_RunPercentage,glrlm,RunPercentage,,,0.010520094562647797,0.03258651135494296,True,,,0.3228358644489273,0.3123157698862795
z5_vs_z5.5,original_glrlm_RunVariance,glrlm,RunVariance,,,0.5984849445521867,0.09525183980371259,True,,,5.684700196915913,6.2831851414681
z5_vs_z5.5,original_glrlm_ShortRunEmphasis,glrlm,ShortRunEmphasis,,,0.006502885953572457,0.017169605362751587,True,,,0.3787440547515479,0.3722411687979754
z5_vs_z5.5,original_glrlm_ShortRunHighGrayLevelEmphasis,glrlm,ShortRunHighGrayLevelEmphasis,,,0.22312955443038263,0.01674481686526877,True,,,13.325290818389682,13.1021612639593
z5_vs_z5.5,original_glrlm_ShortRunLowGrayLevelEmphasis,glrlm,ShortRunLowGrayLevelEmphasis,,,0.0002614191240976997,0.011018965503752774,True,,,0.0237244706872589,0.0234630515631612
z5_vs_z5.5,original_glszm_GrayLevelNonUniformity,glszm,GrayLevelNonUniformity,,,0.0,0.0,False,,,16.81679389312977,16.81679389312977
z5_vs_z5.5,original_glszm_GrayLevelNonUniformityNormalized,glszm,GrayLevelNonUniformityNormalized,,,0.0,0.0,False,,,0.1283724724666394,0.1283724724666394
z5_vs_z5.5,original_glszm_GrayLevelVariance,glszm,GrayLevelVariance,,,0.0,0.0,False,,,5.749198764640755,5.749198764640755
z5_vs_z5.5,original_glszm_HighGrayLevelZoneEmphasis,glszm,HighGrayLevelZoneEmphasis,,,0.0,0.0,False,,,37.229007633587784,37.229007633587784
z5_vs_z5.5,original_glszm_LargeAreaEmphasis,glszm,LargeAreaEmphasis,,,693025.358778626,0.3055555555555556,True,,,1575057.6335877862,2268082.992366412
z5_vs_z5.5,original_glszm_LargeAreaHighGrayLevelEmphasis,glszm,LargeAreaHighGrayLevelEmphasis,,,22805505.48091603,0.3055555555555556,True,,,51830694.27480916,74636199.75572519
z5_vs_z5.5,original_glszm_LargeAreaLowGrayLevelEmphasis,glszm,LargeAreaLowGrayLevelEmphasis,,,26402.554940520677,0.3055555555555556,True,,,60005.80668300152,86408.3616235222
z5_vs_z5.5,original_glszm_LowGrayLevelZoneEmphasis,glszm,LowGrayLevelZoneEmphasis,,,0.0,0.0,False,,,0.0971847875423847,0.0971847875423847
z5_vs_z5.5,original_glszm_SizeZoneNonUniformity,glszm,SizeZoneNonUniformity,,,0.0,0.0,False,,,21.748091603053435,21.748091603053435
z5_vs_z5.5,original_glszm_SizeZoneNonUniformityNormalized,glszm,SizeZoneNonUniformityNormalized,,,0.0,0.0,False,,,0.1660159664355224,0.1660159664355224
z5_vs_z5.5,original_glszm_SmallAreaEmphasis,glszm,SmallAreaEmphasis,,,0.005036802347911899,0.305555555555558,True,,,0.0164840804113479,0.011447278063436
z5_vs_z5.5,original_glszm_SmallAreaHighGrayLevelEmphasis,glszm,SmallAreaHighGrayLevelEmphasis,,,0.19393899238004253,0.3055555555555555,True,,,0.634709429607412,0.4407704372273694
z5_vs_z5.5,original_glszm_SmallAreaLowGrayLevelEmphasis,glszm,SmallAreaLowGrayLevelEmphasis,,,0.00046423800441689985,0.30555555555555,True,,,0.0015193243780917,0.0010550863736748
z5_vs_z5.5,original_glszm_ZoneEntropy,glszm,ZoneEntropy,,,0.0,0.0,False,,,5.801185001517869,5.801185001517869
z5_vs_z5.5,original_glszm_ZonePercentage,glszm,ZonePercentage,,,0.0003601077574358,0.16666666666666666,True,,,0.0021606465446148,0.001800538787179
z5_vs_z5.5,original_glszm_ZoneVariance,glszm,ZoneVariance,,,598774.5204824894,0.3055555555555556,True,,,1360851.1829147486,1959625.703397238
z5_vs_z5.5,original_ngtdm_Busyness,ngtdm,Busyness,,,0.555062891448804,0.03661013892887288,True,,,15.161452747480542,14.606389856031738
z5_vs_z5.5,original_ngtdm_Coarseness,ngtdm,Coarseness,,,4.9533843357899834e-05,0.03661013892884178,True,,,0.00130347504454,0.0013530088878979
z5_vs_z5.5,original_ngtdm_Complexity,ngtdm,Complexity,,,0.5958677507576073,0.03615935019114462,True,,,16.478939682481755,15.883071931724148
z5_vs_z5.5,original_ngtdm_Contrast,ngtdm,Contrast,,,0.0010850588484890011,0.03592000737161897,True,,,0.0302076454846812,0.0291225866361922
z5_vs_z5.5,original_ngtdm_Strength,ngtdm,Strength,,,0.0016562561928036013,0.03592000737162028,True,,,0.0444533165494386,0.0461095727422422
