feature,family,short_feature,value,binWidth,method
original_glcm_Autocorrelation,glcm,Autocorrelation,655.204258954535,5,native_original
original_glcm_ClusterProminence,glcm,ClusterProminence,189579.2120504828,5,native_original
original_glcm_ClusterShade,glcm,ClusterShade,59.39619951668689,5,native_original
original_glcm_ClusterTendency,glcm,ClusterTendency,272.8499635866021,5,native_original
original_glcm_Contrast,glcm,Contrast,33.40952549855038,5,native_original
original_glcm_Correlation,glcm,Correlation,0.7819751712881676,5,native_original
original_glcm_DifferenceAverage,glcm,DifferenceAverage,4.190651526163683,5,native_original
original_glcm_DifferenceEntropy,glcm,DifferenceEntropy,2.8879596098789557,5,native_original
original_glcm_DifferenceVariance,glcm,DifferenceVariance,11.948087162707363,5,native_original
original_glcm_Id,glcm,Id,0.3853566770197245,5,native_original
original_glcm_Idm,glcm,Idm,0.322753533525377,5,native_original
original_glcm_Idmn,glcm,Idmn,0.9854590043057712,5,native_original
original_glcm_Idn,glcm,Idn,0.9235039511385232,5,native_original
original_glcm_Imc1,glcm,Imc1,-0.3009367617684115,5,native_original
original_glcm_Imc2,glcm,Imc2,0.958985490560564,5,native_original
original_glcm_InverseVariance,glcm,InverseVariance,0.3019563038845079,5,native_original
original_glcm_JointAverage,glcm,JointAverage,24.399662149485852,5,native_original
original_glcm_JointEnergy,glcm,JointEnergy,0.0034867427970562,5,native_original
original_glcm_JointEntropy,glcm,JointEntropy,8.707066615553643,5,native_original
original_glcm_MCC,glcm,MCC,0.7970568084282073,5,native_original
original_glcm_MaximumProbability,glcm,MaximumProbability,0.0089660720347528,5,native_original
original_glcm_SumAverage,glcm,SumAverage,48.79932429897168,5,native_original
original_glcm_SumEntropy,glcm,SumEntropy,6.052333849448328,5,native_original
original_glcm_SumSquares,glcm,SumSquares,76.56487227128811,5,native_original
original_gldm_DependenceEntropy,gldm,DependenceEntropy,8.200954125349885,5,native_original
original_gldm_DependenceNonUniformity,gldm,DependenceNonUniformity,1562.11462972126,5,native_original
original_gldm_DependenceNonUniformityNormalized,gldm,DependenceNonUniformityNormalized,0.1288235716412056,5,native_original
original_gldm_DependenceVariance,gldm,DependenceVariance,4.958843708491702,5,native_original
original_gldm_GrayLevelNonUniformity,gldm,GrayLevelNonUniformity,389.0521194128319,5,native_original
original_gldm_GrayLevelVariance,gldm,GrayLevelVariance,78.26757749034012,5,native_original
original_gldm_HighGrayLevelEmphasis,gldm,HighGrayLevelEmphasis,671.0571499257793,5,native_original
original_gldm_LargeDependenceEmphasis,gldm,LargeDependenceEmphasis,27.051789543130464,5,native_original
original_gldm_LargeDependenceHighGrayLevelEmphasis,gldm,LargeDependenceHighGrayLevelEmphasis,18638.9385617681,5,native_original
original_gldm_LargeDependenceLowGrayLevelEmphasis,gldm,LargeDependenceLowGrayLevelEmphasis,0.1046045680555625,5,native_original
original_gldm_LowGrayLevelEmphasis,gldm,LowGrayLevelEmphasis,0.0041935046248184,5,native_original
original_gldm_SmallDependenceEmphasis,gldm,SmallDependenceEmphasis,0.1209734017143595,5,native_original
original_gldm_SmallDependenceHighGrayLevelEmphasis,gldm,SmallDependenceHighGrayLevelEmphasis,80.1397544627828,5,native_original
original_gldm_SmallDependenceLowGrayLevelEmphasis,gldm,SmallDependenceLowGrayLevelEmphasis,0.0006261364306361,5,native_original
original_glrlm_GrayLevelNonUniformity,glrlm,GrayLevelNonUniformity,332.05369523066224,5,native_original
original_glrlm_GrayLevelNonUniformityNormalized,glrlm,GrayLevelNonUniformityNormalized,0.0319193211066591,5,native_original
original_glrlm_GrayLevelVariance,glrlm,GrayLevelVariance,78.36081820895197,5,native_original
original_glrlm_HighGrayLevelRunEmphasis,glrlm,HighGrayLevelRunEmphasis,669.0684455954004,5,native_original
original_glrlm_LongRunEmphasis,glrlm,LongRunEmphasis,1.5848806833377564,5,native_original
original_glrlm_LongRunHighGrayLevelEmphasis,glrlm,LongRunHighGrayLevelEmphasis,1068.5469218273554,5,native_original
original_glrlm_LongRunLowGrayLevelEmphasis,glrlm,LongRunLowGrayLevelEmphasis,0.0065451675023422,5,native_original
original_glrlm_LowGrayLevelRunEmphasis,glrlm,LowGrayLevelRunEmphasis,0.0042322085689195,5,native_original
original_glrlm_RunEntropy,glrlm,RunEntropy,5.803634592147914,5,native_original
original_glrlm_RunLengthNonUniformity,glrlm,RunLengthNonUniformity,7830.82685740976,5,native_original
original_glrlm_RunLengthNonUniformityNormalized,glrlm,RunLengthNonUniformityNormalized,0.7452395943239077,5,native_original
original_glrlm_RunPercentage,glrlm,RunPercentage,0.8576802547609081,5,native_original
original_glrlm_RunVariance,glrlm,RunVariance,0.1957823307880277,5,native_original
original_glrlm_ShortRunEmphasis,glrlm,ShortRunEmphasis,0.8840092090389029,5,native_original
original_glrlm_ShortRunHighGrayLevelEmphasis,glrlm,ShortRunHighGrayLevelEmphasis,590.0400790515973,5,native_original
original_glrlm_ShortRunLowGrayLevelEmphasis,glrlm,ShortRunLowGrayLevelEmphasis,0.0037679971267936,5,native_original
original_glszm_GrayLevelNonUniformity,glszm,GrayLevelNonUniformity,53.37641723356009,5,native_original
original_glszm_GrayLevelNonUniformityNormalized,glszm,GrayLevelNonUniformityNormalized,0.030258739928322,5,native_original
original_glszm_GrayLevelVariance,glszm,GrayLevelVariance,82.71209623305104,5,native_original
original_glszm_HighGrayLevelZoneEmphasis,glszm,HighGrayLevelZoneEmphasis,651.7942176870748,5,native_original
original_glszm_LargeAreaEmphasis,glszm,LargeAreaEmphasis,206.2562358276644,5,native_original
original_glszm_LargeAreaHighGrayLevelEmphasis,glszm,LargeAreaHighGrayLevelEmphasis,139867.22845804988,5,native_original
original_glszm_LargeAreaLowGrayLevelEmphasis,glszm,LargeAreaLowGrayLevelEmphasis,0.6213851336465763,5,native_original
original_glszm_LowGrayLevelZoneEmphasis,glszm,LowGrayLevelZoneEmphasis,0.0052585054769315,5,native_original
original_glszm_SizeZoneNonUniformity,glszm,SizeZoneNonUniformity,278.9263038548753,5,native_original
original_glszm_SizeZoneNonUniformityNormalized,glszm,SizeZoneNonUniformityNormalized,0.1581214874460744,5,native_original
original_glszm_SmallAreaEmphasis,glszm,SmallAreaEmphasis,0.3936761209795269,5,native_original
original_glszm_SmallAreaHighGrayLevelEmphasis,glszm,SmallAreaHighGrayLevelEmphasis,260.42559740265096,5,native_original
original_glszm_SmallAreaLowGrayLevelEmphasis,glszm,SmallAreaLowGrayLevelEmphasis,0.0025323992508128,5,native_original
original_glszm_ZoneEntropy,glszm,ZoneEntropy,8.318598860413967,5,native_original
original_glszm_ZonePercentage,glszm,ZonePercentage,0.1454725383473528,5,native_original
original_glszm_ZoneVariance,glszm,ZoneVariance,159.0023022814568,5,native_original
original_ngtdm_Busyness,ngtdm,Busyness,1.2900958216531386,5,native_original
original_ngtdm_Coarseness,ngtdm,Coarseness,0.0007602812065684,5,native_original
original_ngtdm_Complexity,ngtdm,Complexity,2918.7641368706923,5,native_original
original_ngtdm_Contrast,ngtdm,Contrast,0.2479850841287802,5,native_original
original_ngtdm_Strength,ngtdm,Strength,0.5938615200871864,5,native_original
original_glcm_Autocorrelation,glcm,Autocorrelation,1112.9075674324847,5,resample_linear
original_glcm_ClusterProminence,glcm,ClusterProminence,254041.90577345912,5,resample_linear
original_glcm_ClusterShade,glcm,ClusterShade,-449.1503247960589,5,resample_linear
original_glcm_ClusterTendency,glcm,ClusterTendency,309.4734674731579,5,resample_linear
original_glcm_Contrast,glcm,Contrast,9.459807167006309,5,resample_linear
original_glcm_Correlation,glcm,Correlation,0.9398862887819605,5,resample_linear
original_glcm_DifferenceAverage,glcm,DifferenceAverage,1.9185215765680024,5,resample_linear
original_glcm_DifferenceEntropy,glcm,DifferenceEntropy,2.436953705040077,5,resample_linear
original_glcm_DifferenceVariance,glcm,DifferenceVariance,5.510890045032517,5,resample_linear
original_glcm_Id,glcm,Id,0.5048433919892533,5,resample_linear
original_glcm_Idm,glcm,Idm,0.4468178646698071,5,resample_linear
original_glcm_Idmn,glcm,Idmn,0.9970761760199944,5,resample_linear
original_glcm_Idn,glcm,Idn,0.9683666564755627,5,resample_linear
original_glcm_Imc1,glcm,Imc1,-0.4039428368738295,5,resample_linear
original_glcm_Imc2,glcm,Imc2,0.9896248231005826,5,resample_linear
original_glcm_InverseVariance,glcm,InverseVariance,0.4123927383642253,5,resample_linear
original_glcm_JointAverage,glcm,JointAverage,32.21611946058739,5,resample_linear
original_glcm_JointEnergy,glcm,JointEnergy,0.0047776918946495,5,resample_linear
original_glcm_JointEntropy,glcm,JointEntropy,8.27406842504175,5,resample_linear
original_glcm_MCC,glcm,MCC,0.952423091877216,5,resample_linear
original_glcm_MaximumProbability,glcm,MaximumProbability,0.0112570807288755,5,resample_linear
original_glcm_SumAverage,glcm,SumAverage,64.43223892117477,5,resample_linear
original_glcm_SumEntropy,glcm,SumEntropy,6.142248077382385,5,resample_linear
original_glcm_SumSquares,glcm,SumSquares,79.73331866004104,5,resample_linear
original_gldm_DependenceEntropy,gldm,DependenceEntropy,8.72353562369838,5,resample_linear
original_gldm_DependenceNonUniformity,gldm,DependenceNonUniformity,6436.520039584364,5,resample_linear
original_gldm_DependenceNonUniformityNormalized,gldm,DependenceNonUniformityNormalized,0.106160647197499,5,resample_linear
original_gldm_DependenceVariance,gldm,DependenceVariance,10.901758475367592,5,resample_linear
original_gldm_GrayLevelNonUniformity,gldm,GrayLevelNonUniformity,1833.8659079663532,5,resample_linear
original_gldm_GrayLevelVariance,gldm,GrayLevelVariance,85.4407130658897,5,resample_linear
original_gldm_HighGrayLevelEmphasis,gldm,HighGrayLevelEmphasis,1102.058650832921,5,resample_linear
original_gldm_LargeDependenceEmphasis,gldm,LargeDependenceEmphasis,51.46960250700973,5,resample_linear
original_gldm_LargeDependenceHighGrayLevelEmphasis,gldm,LargeDependenceHighGrayLevelEmphasis,60201.113838033976,5,resample_linear
original_gldm_LargeDependenceLowGrayLevelEmphasis,gldm,LargeDependenceLowGrayLevelEmphasis,0.0660110995054208,5,resample_linear
original_gldm_LowGrayLevelEmphasis,gldm,LowGrayLevelEmphasis,0.0017528093073081,5,resample_linear
original_gldm_SmallDependenceEmphasis,gldm,SmallDependenceEmphasis,0.0632444891289575,5,resample_linear
original_gldm_SmallDependenceHighGrayLevelEmphasis,gldm,SmallDependenceHighGrayLevelEmphasis,62.05987258242209,5,resample_linear
original_gldm_SmallDependenceLowGrayLevelEmphasis,gldm,SmallDependenceLowGrayLevelEmphasis,0.0002529017526129,5,resample_linear
original_glrlm_GrayLevelNonUniformity,glrlm,GrayLevelNonUniformity,1438.1835574430784,5,resample_linear
original_glrlm_GrayLevelNonUniformityNormalized,glrlm,GrayLevelNonUniformityNormalized,0.0299091009340791,5,resample_linear
original_glrlm_GrayLevelVariance,glrlm,GrayLevelVariance,86.8088369366176,5,resample_linear
original_glrlm_HighGrayLevelRunEmphasis,glrlm,HighGrayLevelRunEmphasis,1091.0312898308496,5,resample_linear
original_glrlm_LongRunEmphasis,glrlm,LongRunEmphasis,2.078569899919634,5,resample_linear
original_glrlm_LongRunHighGrayLevelEmphasis,glrlm,LongRunHighGrayLevelEmphasis,2321.108817010398,5,resample_linear
original_glrlm_LongRunLowGrayLevelEmphasis,glrlm,LongRunLowGrayLevelEmphasis,0.0033464342005267,5,resample_linear
original_glrlm_LowGrayLevelRunEmphasis,glrlm,LowGrayLevelRunEmphasis,0.0018495423521858,5,resample_linear
original_glrlm_RunEntropy,glrlm,RunEntropy,6.116093007006911,5,resample_linear
original_glrlm_RunLengthNonUniformity,glrlm,RunLengthNonUniformity,33331.069111388526,5,resample_linear
original_glrlm_RunLengthNonUniformityNormalized,glrlm,RunLengthNonUniformityNormalized,0.6886622978759781,5,resample_linear
original_glrlm_RunPercentage,glrlm,RunPercentage,0.7934888795848718,5,resample_linear
original_glrlm_RunVariance,glrlm,RunVariance,0.457221469083843,5,resample_linear
original_glrlm_ShortRunEmphasis,glrlm,ShortRunEmphasis,0.8525355932331024,5,resample_linear
original_glrlm_ShortRunHighGrayLevelEmphasis,glrlm,ShortRunHighGrayLevelEmphasis,922.2317634569536,5,resample_linear
original_glrlm_ShortRunLowGrayLevelEmphasis,glrlm,ShortRunLowGrayLevelEmphasis,0.0016423688010018,5,resample_linear
original_glszm_GrayLevelNonUniformity,glszm,GrayLevelNonUniformity,51.91239827668741,5,resample_linear
original_glszm_GrayLevelNonUniformityNormalized,glszm,GrayLevelNonUniformityNormalized,0.02485035819851,5,resample_linear
original_glszm_GrayLevelVariance,glszm,GrayLevelVariance,131.99918421987934,5,resample_linear
original_glszm_HighGrayLevelZoneEmphasis,glszm,HighGrayLevelZoneEmphasis,771.031115366204,5,resample_linear
original_glszm_LargeAreaEmphasis,glszm,LargeAreaEmphasis,40092.78506462422,5,resample_linear
original_glszm_LargeAreaHighGrayLevelEmphasis,glszm,LargeAreaHighGrayLevelEmphasis,45178768.29296314,5,resample_linear
original_glszm_LargeAreaLowGrayLevelEmphasis,glszm,LargeAreaLowGrayLevelEmphasis,40.7121330060321,5,resample_linear
original_glszm_LowGrayLevelZoneEmphasis,glszm,LowGrayLevelZoneEmphasis,0.0075675411397552,5,resample_linear
original_glszm_SizeZoneNonUniformity,glszm,SizeZoneNonUniformity,535.3944471038775,5,resample_linear
original_glszm_SizeZoneNonUniformityNormalized,glszm,SizeZoneNonUniformityNormalized,0.2562922197720811,5,resample_linear
original_glszm_SmallAreaEmphasis,glszm,SmallAreaEmphasis,0.5212101362468096,5,resample_linear
original_glszm_SmallAreaHighGrayLevelEmphasis,glszm,SmallAreaHighGrayLevelEmphasis,413.01286993947,5,resample_linear
original_glszm_SmallAreaLowGrayLevelEmphasis,glszm,SmallAreaLowGrayLevelEmphasis,0.0045652238167557,5,resample_linear
original_glszm_ZoneEntropy,glszm,ZoneEntropy,8.043359659957538,5,resample_linear
original_glszm_ZonePercentage,glszm,ZonePercentage,0.0344548903183242,5,resample_linear
original_glszm_ZoneVariance,glszm,ZoneVariance,39250.424054880925,5,resample_linear
original_ngtdm_Busyness,ngtdm,Busyness,0.866310741037767,5,resample_linear
original_ngtdm_Coarseness,ngtdm,Coarseness,0.0006386323757525,5,resample_linear
original_ngtdm_Complexity,ngtdm,Complexity,1220.9184573501147,5,resample_linear
original_ngtdm_Contrast,ngtdm,Contrast,0.0553131363573946,5,resample_linear
original_ngtdm_Strength,ngtdm,Strength,0.6635985658496487,5,resample_linear
original_glcm_Autocorrelation,glcm,Autocorrelation,661.7020680079517,5,voxel_spacing_aware
original_glcm_ClusterProminence,glcm,ClusterProminence,207549.3133690138,5,voxel_spacing_aware
original_glcm_ClusterShade,glcm,ClusterShade,66.89154459650669,5,voxel_spacing_aware
original_glcm_ClusterTendency,glcm,ClusterTendency,285.4883789966419,5,voxel_spacing_aware
original_glcm_Contrast,glcm,Contrast,20.312709243925713,5,voxel_spacing_aware
original_glcm_Correlation,glcm,Correlation,0.8672476686152673,5,voxel_spacing_aware
original_glcm_DifferenceAverage,glcm,DifferenceAverage,2.936813708250357,5,voxel_spacing_aware
original_glcm_DifferenceEntropy,glcm,DifferenceEntropy,2.4969205675311787,5,voxel_spacing_aware
original_glcm_DifferenceVariance,glcm,DifferenceVariance,7.281675342223882,5,voxel_spacing_aware
original_glcm_Id,glcm,Id,0.4576564324840858,5,voxel_spacing_aware
original_glcm_Idm,glcm,Idm,0.4013336562462467,5,voxel_spacing_aware
original_glcm_Idmn,glcm,Idmn,0.9911428827508592,5,voxel_spacing_aware
original_glcm_Idn,glcm,Idn,0.945269637775771,5,voxel_spacing_aware
original_glcm_Imc1,glcm,Imc1,-0.3755387587734193,5,voxel_spacing_aware
original_glcm_Imc2,glcm,Imc2,0.9738803109808912,5,voxel_spacing_aware
original_glcm_InverseVariance,glcm,InverseVariance,0.3755386240567489,5,voxel_spacing_aware
original_glcm_JointAverage,glcm,JointAverage,24.40097162237622,5,voxel_spacing_aware
original_glcm_JointEnergy,glcm,JointEnergy,0.0045359945897984,5,voxel_spacing_aware
original_glcm_JointEntropy,glcm,JointEntropy,8.3226183761719,5,voxel_spacing_aware
original_glcm_MCC,glcm,MCC,0.8759983810660273,5,voxel_spacing_aware
original_glcm_MaximumProbability,glcm,MaximumProbability,0.0113776596299279,5,voxel_spacing_aware
original_glcm_SumAverage,glcm,SumAverage,48.80194324475241,5,voxel_spacing_aware
original_glcm_SumEntropy,glcm,SumEntropy,6.072863065915848,5,voxel_spacing_aware
original_glcm_SumSquares,glcm,SumSquares,76.45027206014191,5,voxel_spacing_aware
original_gldm_DependenceEntropy,gldm,DependenceEntropy,8.37713126130196,5,voxel_spacing_aware
original_gldm_DependenceNonUniformity,gldm,DependenceNonUniformity,8410.130628401781,5,voxel_spacing_aware
original_gldm_DependenceNonUniformityNormalized,gldm,DependenceNonUniformityNormalized,0.1387123639848553,5,voxel_spacing_aware
original_gldm_DependenceVariance,gldm,DependenceVariance,14.392484045892422,5,voxel_spacing_aware
original_gldm_GrayLevelNonUniformity,gldm,GrayLevelNonUniformity,1945.2605970641596,5,voxel_spacing_aware
original_gldm_GrayLevelVariance,gldm,GrayLevelVariance,78.26757749034012,5,voxel_spacing_aware
original_gldm_HighGrayLevelEmphasis,gldm,HighGrayLevelEmphasis,671.0571499257793,5,voxel_spacing_aware
original_gldm_LargeDependenceEmphasis,gldm,LargeDependenceEmphasis,77.40722414646214,5,voxel_spacing_aware
original_gldm_LargeDependenceHighGrayLevelEmphasis,gldm,LargeDependenceHighGrayLevelEmphasis,53361.70204519215,5,voxel_spacing_aware
original_gldm_LargeDependenceLowGrayLevelEmphasis,gldm,LargeDependenceLowGrayLevelEmphasis,0.3111218090698675,5,voxel_spacing_aware
original_gldm_LowGrayLevelEmphasis,gldm,LowGrayLevelEmphasis,0.0041935046248184,5,voxel_spacing_aware
original_gldm_SmallDependenceEmphasis,gldm,SmallDependenceEmphasis,0.0370289581845203,5,voxel_spacing_aware
original_gldm_SmallDependenceHighGrayLevelEmphasis,gldm,SmallDependenceHighGrayLevelEmphasis,24.326424353708603,5,voxel_spacing_aware
original_gldm_SmallDependenceLowGrayLevelEmphasis,gldm,SmallDependenceLowGrayLevelEmphasis,0.0001763309409993,5,voxel_spacing_aware
original_glrlm_GrayLevelNonUniformity,glrlm,GrayLevelNonUniformity,1412.3747021363463,5,voxel_spacing_aware
original_glrlm_GrayLevelNonUniformityNormalized,glrlm,GrayLevelNonUniformityNormalized,0.0317975224630409,5,voxel_spacing_aware
original_glrlm_GrayLevelVariance,glrlm,GrayLevelVariance,78.36651819321641,5,voxel_spacing_aware
original_glrlm_HighGrayLevelRunEmphasis,glrlm,HighGrayLevelRunEmphasis,667.4265578849829,5,voxel_spacing_aware
original_glrlm_LongRunEmphasis,glrlm,LongRunEmphasis,4.639155030651868,5,voxel_spacing_aware
original_glrlm_LongRunHighGrayLevelEmphasis,glrlm,LongRunHighGrayLevelEmphasis,3114.6462768646616,5,voxel_spacing_aware
original_glrlm_LongRunLowGrayLevelEmphasis,glrlm,LongRunLowGrayLevelEmphasis,0.0190995371026532,5,voxel_spacing_aware
original_glrlm_LowGrayLevelRunEmphasis,glrlm,LowGrayLevelRunEmphasis,0.0042451246267318,5,voxel_spacing_aware
original_glrlm_RunEntropy,glrlm,RunEntropy,6.083190151026222,5,voxel_spacing_aware
original_glrlm_RunLengthNonUniformity,glrlm,RunLengthNonUniformity,28496.89146222612,5,voxel_spacing_aware
original_glrlm_RunLengthNonUniformityNormalized,glrlm,RunLengthNonUniformityNormalized,0.6456012200729518,5,voxel_spacing_aware
original_glrlm_RunPercentage,glrlm,RunPercentage,0.733146830079042,5,voxel_spacing_aware
original_glrlm_RunVariance,glrlm,RunVariance,0.576010875973332,5,voxel_spacing_aware
original_glrlm_ShortRunEmphasis,glrlm,ShortRunEmphasis,0.7644247793215346,5,voxel_spacing_aware
original_glrlm_ShortRunHighGrayLevelEmphasis,glrlm,ShortRunHighGrayLevelEmphasis,507.0881550275395,5,voxel_spacing_aware
original_glrlm_ShortRunLowGrayLevelEmphasis,glrlm,ShortRunLowGrayLevelEmphasis,0.0032727904547768,5,voxel_spacing_aware
original_glszm_GrayLevelNonUniformity,glszm,GrayLevelNonUniformity,53.37641723356009,5,voxel_spacing_aware
original_glszm_GrayLevelNonUniformityNormalized,glszm,GrayLevelNonUniformityNormalized,0.030258739928322,5,voxel_spacing_aware
original_glszm_GrayLevelVariance,glszm,GrayLevelVariance,82.71209623305104,5,voxel_spacing_aware
original_glszm_HighGrayLevelZoneEmphasis,glszm,HighGrayLevelZoneEmphasis,651.7942176870748,5,voxel_spacing_aware
original_glszm_LargeAreaEmphasis,glszm,LargeAreaEmphasis,5156.40589569161,5,voxel_spacing_aware
original_glszm_LargeAreaHighGrayLevelEmphasis,glszm,LargeAreaHighGrayLevelEmphasis,3496680.7114512473,5,voxel_spacing_aware
original_glszm_LargeAreaLowGrayLevelEmphasis,glszm,LargeAreaLowGrayLevelEmphasis,15.534628341164408,5,voxel_spacing_aware
original_glszm_LowGrayLevelZoneEmphasis,glszm,LowGrayLevelZoneEmphasis,0.0052585054769315,5,voxel_spacing_aware
original_glszm_SizeZoneNonUniformity,glszm,SizeZoneNonUniformity,278.9263038548753,5,voxel_spacing_aware
original_glszm_SizeZoneNonUniformityNormalized,glszm,SizeZoneNonUniformityNormalized,0.1581214874460744,5,voxel_spacing_aware
original_glszm_SmallAreaEmphasis,glszm,SmallAreaEmphasis,0.015747044839181,5,voxel_spacing_aware
original_glszm_SmallAreaHighGrayLevelEmphasis,glszm,SmallAreaHighGrayLevelEmphasis,10.41702389610604,5,voxel_spacing_aware
original_glszm_SmallAreaLowGrayLevelEmphasis,glszm,SmallAreaLowGrayLevelEmphasis,0.0001012959700325,5,voxel_spacing_aware
original_glszm_ZoneEntropy,glszm,ZoneEntropy,8.318598860413967,5,voxel_spacing_aware
original_glszm_ZonePercentage,glszm,ZonePercentage,0.0290945076694705,5,voxel_spacing_aware
original_glszm_ZoneVariance,glszm,ZoneVariance,3975.05755703642,5,voxel_spacing_aware
original_ngtdm_Busyness,ngtdm,Busyness,0.7008191958260587,5,voxel_spacing_aware
original_ngtdm_Coarseness,ngtdm,Coarseness,0.0013995558536596,5,voxel_spacing_aware
original_ngtdm_Complexity,ngtdm,Complexity,1600.304721153139,5,voxel_spacing_aware
original_ngtdm_Contrast,ngtdm,Contrast,0.1364044657239196,5,voxel_spacing_aware
original_ngtdm_Strength,ngtdm,Strength,1.0796479296926818,5,voxel_spacing_aware
original_glcm_Autocorrelation,glcm,Autocorrelation,169.92162434041344,10,native_original
original_glcm_ClusterProminence,glcm,ClusterProminence,11902.65000259806,10,native_original
original_glcm_ClusterShade,glcm,ClusterShade,9.751715392068766,10,native_original
original_glcm_ClusterTendency,glcm,ClusterTendency,68.3554861896383,10,native_original
original_glcm_Contrast,glcm,Contrast,8.467838719800294,10,native_original
original_glcm_Correlation,glcm,Correlation,0.7797121051660773,10,native_original
original_glcm_DifferenceAverage,glcm,DifferenceAverage,2.0931637553781,10,native_original
original_glcm_DifferenceEntropy,glcm,DifferenceEntropy,2.150434809327351,10,native_original
original_glcm_DifferenceVariance,glcm,DifferenceVariance,3.1118913507902013,10,native_original
original_glcm_Id,glcm,Id,0.5158230539146993,10,native_original
original_glcm_Idm,glcm,Idm,0.4591043215392877,10,native_original
original_glcm_Idmn,glcm,Idmn,0.9858522273497744,10,native_original
original_glcm_Idn,glcm,Idn,0.9251303985590232,10,native_original
original_glcm_Imc1,glcm,Imc1,-0.3374843145005508,10,native_original
original_glcm_Imc2,glcm,Imc2,0.9453640072356652,10,native_original
original_glcm_InverseVariance,glcm,InverseVariance,0.3237717476452477,10,native_original
original_glcm_JointAverage,glcm,JointAverage,12.447873449773423,10,native_original
original_glcm_JointEnergy,glcm,JointEnergy,0.0124492481584716,10,native_original
original_glcm_JointEntropy,glcm,JointEntropy,6.8724617870109705,10,native_original
original_glcm_MCC,glcm,MCC,0.7904842278310593,10,native_original
original_glcm_MaximumProbability,glcm,MaximumProbability,0.0313715082542634,10,native_original
original_glcm_SumAverage,glcm,SumAverage,24.89574689954685,10,native_original
original_glcm_SumEntropy,glcm,SumEntropy,5.056880333605209,10,native_original
original_glcm_SumSquares,glcm,SumSquares,19.205831227359653,10,native_original
original_gldm_DependenceEntropy,gldm,DependenceEntropy,7.812106829922496,10,native_original
original_gldm_DependenceNonUniformity,gldm,DependenceNonUniformity,1012.3171697179614,10,native_original
original_gldm_DependenceNonUniformityNormalized,gldm,DependenceNonUniformityNormalized,0.0834831906414284,10,native_original
original_gldm_DependenceVariance,gldm,DependenceVariance,10.854265328678595,10,native_original
original_gldm_GrayLevelNonUniformity,gldm,GrayLevelNonUniformity,772.3191489361702,10,native_original
original_gldm_GrayLevelVariance,gldm,GrayLevelVariance,19.627500671994586,10,native_original
original_gldm_HighGrayLevelEmphasis,gldm,HighGrayLevelEmphasis,173.9250371103414,10,native_original
original_gldm_LargeDependenceEmphasis,gldm,LargeDependenceEmphasis,70.94936500082467,10,native_original
original_gldm_LargeDependenceHighGrayLevelEmphasis,gldm,LargeDependenceHighGrayLevelEmphasis,12694.361949529935,10,native_original
original_gldm_LargeDependenceLowGrayLevelEmphasis,gldm,LargeDependenceLowGrayLevelEmphasis,0.9034804181031822,10,native_original
original_gldm_LowGrayLevelEmphasis,gldm,LowGrayLevelEmphasis,0.0147793470877093,10,native_original
original_gldm_SmallDependenceEmphasis,gldm,SmallDependenceEmphasis,0.045140638418258,10,native_original
original_gldm_SmallDependenceHighGrayLevelEmphasis,gldm,SmallDependenceHighGrayLevelEmphasis,7.905317127774201,10,native_original
original_gldm_SmallDependenceLowGrayLevelEmphasis,gldm,SmallDependenceLowGrayLevelEmphasis,0.0009563463363454,10,native_original
original_glrlm_GrayLevelNonUniformity,glrlm,GrayLevelNonUniformity,566.8177217301836,10,native_original
original_glrlm_GrayLevelNonUniformityNormalized,glrlm,GrayLevelNonUniformityNormalized,0.0630797428735488,10,native_original
original_glrlm_GrayLevelVariance,glrlm,GrayLevelVariance,19.71497654632604,10,native_original
original_glrlm_HighGrayLevelRunEmphasis,glrlm,HighGrayLevelRunEmphasis,172.96325879830283,10,native_original
original_glrlm_LongRunEmphasis,glrlm,LongRunEmphasis,2.5815369386053098,10,native_original
original_glrlm_LongRunHighGrayLevelEmphasis,glrlm,LongRunHighGrayLevelEmphasis,453.67483399444853,10,native_original
original_glrlm_LongRunLowGrayLevelEmphasis,glrlm,LongRunLowGrayLevelEmphasis,0.0359107123285448,10,native_original
original_glrlm_LowGrayLevelRunEmphasis,glrlm,LowGrayLevelRunEmphasis,0.015295098217668,10,native_original
original_glrlm_RunEntropy,glrlm,RunEntropy,5.213669662906587,10,native_original
original_glrlm_RunLengthNonUniformity,glrlm,RunLengthNonUniformity,5354.2294514268815,10,native_original
original_glrlm_RunLengthNonUniformityNormalized,glrlm,RunLengthNonUniformityNormalized,0.5749813065630317,10,native_original
original_glrlm_RunPercentage,glrlm,RunPercentage,0.7403037338712746,10,native_original
original_glrlm_RunVariance,glrlm,RunVariance,0.5532550723504595,10,native_original
original_glrlm_ShortRunEmphasis,glrlm,ShortRunEmphasis,0.7718696007497581,10,native_original
original_glrlm_ShortRunHighGrayLevelEmphasis,glrlm,ShortRunHighGrayLevelEmphasis,133.02077255839507,10,native_original
original_glrlm_ShortRunLowGrayLevelEmphasis,glrlm,ShortRunLowGrayLevelEmphasis,0.0121090754948396,10,native_original
original_glszm_GrayLevelNonUniformity,glszm,GrayLevelNonUniformity,26.18709677419355,10,native_original
original_glszm_GrayLevelNonUniformityNormalized,glszm,GrayLevelNonUniformityNormalized,0.0563163371488033,10,native_original
original_glszm_GrayLevelVariance,glszm,GrayLevelVariance,25.00783905653833,10,native_original
original_glszm_HighGrayLevelZoneEmphasis,glszm,HighGrayLevelZoneEmphasis,171.33978494623656,10,native_original
original_glszm_LargeAreaEmphasis,glszm,LargeAreaEmphasis,3179.5827956989247,10,native_original
original_glszm_LargeAreaHighGrayLevelEmphasis,glszm,LargeAreaHighGrayLevelEmphasis,554036.0451612903,10,native_original
original_glszm_LargeAreaLowGrayLevelEmphasis,glszm,LargeAreaLowGrayLevelEmphasis,30.36999612477338,10,native_original
original_glszm_LowGrayLevelZoneEmphasis,glszm,LowGrayLevelZoneEmphasis,0.0260262296163165,10,native_original
original_glszm_SizeZoneNonUniformity,glszm,SizeZoneNonUniformity,54.93118279569892,10,native_original
original_glszm_SizeZoneNonUniformityNormalized,glszm,SizeZoneNonUniformityNormalized,0.1181315759047288,10,native_original
original_glszm_SmallAreaEmphasis,glszm,SmallAreaEmphasis,0.3510603050800489,10,native_original
original_glszm_SmallAreaHighGrayLevelEmphasis,glszm,SmallAreaHighGrayLevelEmphasis,63.76320633264748,10,native_original
original_glszm_SmallAreaLowGrayLevelEmphasis,glszm,SmallAreaLowGrayLevelEmphasis,0.0115453084698074,10,native_original
original_glszm_ZoneEntropy,glszm,ZoneEntropy,7.534349374650734,10,native_original
original_glszm_ZonePercentage,glszm,ZonePercentage,0.0383473527956457,10,native_original
original_glszm_ZoneVariance,glszm,ZoneVariance,2499.550995490808,10,native_original
original_ngtdm_Busyness,ngtdm,Busyness,4.8502485264824315,10,native_original
original_ngtdm_Coarseness,ngtdm,Coarseness,0.0007676019681719,10,native_original
original_ngtdm_Complexity,ngtdm,Complexity,383.1821367432115,10,native_original
original_ngtdm_Contrast,ngtdm,Contrast,0.1217607823897743,10,native_original
original_ngtdm_Strength,ngtdm,Strength,0.1561706713877652,10,native_original
original_glcm_Autocorrelation,glcm,Autocorrelation,303.00906990816543,10,resample_linear
original_glcm_ClusterProminence,glcm,ClusterProminence,15961.467533707832,10,resample_linear
original_glcm_ClusterShade,glcm,ClusterShade,-54.043972736450655,10,resample_linear
original_glcm_ClusterTendency,glcm,ClusterTendency,77.54470676702968,10,resample_linear
original_glcm_Contrast,glcm,Contrast,2.4826233432524414,10,resample_linear
original_glcm_Correlation,glcm,Correlation,0.9371703397878878,10,resample_linear
original_glcm_DifferenceAverage,glcm,DifferenceAverage,0.9592371654890796,10,resample_linear
original_glcm_DifferenceEntropy,glcm,DifferenceEntropy,1.7263604888104829,10,resample_linear
original_glcm_DifferenceVariance,glcm,DifferenceVariance,1.495841027122708,10,resample_linear
original_glcm_Id,glcm,Id,0.6564011588642824,10,resample_linear
original_glcm_Idm,glcm,Idm,0.6350782524717571,10,resample_linear
original_glcm_Idmn,glcm,Idmn,0.9971314830191926,10,resample_linear
original_glcm_Idn,glcm,Idn,0.9695084371400308,10,resample_linear
original_glcm_Imc1,glcm,Imc1,-0.4652573478291187,10,resample_linear
original_glcm_Imc2,glcm,Imc2,0.9870704226514336,10,resample_linear
original_glcm_InverseVariance,glcm,InverseVariance,0.4797029648890466,10,resample_linear
original_glcm_JointAverage,glcm,JointAverage,16.859333176342826,10,resample_linear
original_glcm_JointEnergy,glcm,JointEnergy,0.017146881355431,10,resample_linear
original_glcm_JointEntropy,glcm,JointEntropy,6.428888818977061,10,resample_linear
original_glcm_MCC,glcm,MCC,0.9493509925571184,10,resample_linear
original_glcm_MaximumProbability,glcm,MaximumProbability,0.0373905175771629,10,resample_linear
original_glcm_SumAverage,glcm,SumAverage,33.71866635268566,10,resample_linear
original_glcm_SumEntropy,glcm,SumEntropy,5.159191672656249,10,resample_linear
original_glcm_SumSquares,glcm,SumSquares,20.00683252757053,10,resample_linear
original_gldm_DependenceEntropy,gldm,DependenceEntropy,8.163528533424966,10,resample_linear
original_gldm_DependenceNonUniformity,gldm,DependenceNonUniformity,4926.177667821211,10,resample_linear
original_gldm_DependenceNonUniformityNormalized,gldm,DependenceNonUniformityNormalized,0.0812498378331059,10,resample_linear
original_gldm_DependenceVariance,gldm,DependenceVariance,19.817982573380306,10,resample_linear
original_gldm_GrayLevelNonUniformity,gldm,GrayLevelNonUniformity,3656.281312881412,10,resample_linear
original_gldm_GrayLevelVariance,gldm,GrayLevelVariance,21.43249823877708,10,resample_linear
original_gldm_HighGrayLevelEmphasis,gldm,HighGrayLevelEmphasis,300.11540491505855,10,resample_linear
original_gldm_LargeDependenceEmphasis,gldm,LargeDependenceEmphasis,131.03958436417616,10,resample_linear
original_gldm_LargeDependenceHighGrayLevelEmphasis,gldm,LargeDependenceHighGrayLevelEmphasis,41459.518934520864,10,resample_linear
original_gldm_LargeDependenceLowGrayLevelEmphasis,gldm,LargeDependenceLowGrayLevelEmphasis,0.5709708220453712,10,resample_linear
original_gldm_LowGrayLevelEmphasis,gldm,LowGrayLevelEmphasis,0.0054220700794904,10,resample_linear
original_gldm_SmallDependenceEmphasis,gldm,SmallDependenceEmphasis,0.0221512475279598,10,resample_linear
original_gldm_SmallDependenceHighGrayLevelEmphasis,gldm,SmallDependenceHighGrayLevelEmphasis,5.4865334168133115,10,resample_linear
original_gldm_SmallDependenceLowGrayLevelEmphasis,gldm,SmallDependenceLowGrayLevelEmphasis,0.0002937802946102,10,resample_linear
original_glrlm_GrayLevelNonUniformity,glrlm,GrayLevelNonUniformity,2247.894264520241,10,resample_linear
original_glrlm_GrayLevelNonUniformityNormalized,glrlm,GrayLevelNonUniformityNormalized,0.0586980904938641,10,resample_linear
original_glrlm_GrayLevelVariance,glrlm,GrayLevelVariance,22.37925403882879,10,resample_linear
original_glrlm_HighGrayLevelRunEmphasis,glrlm,HighGrayLevelRunEmphasis,294.28214252933634,10,resample_linear
original_glrlm_LongRunEmphasis,glrlm,LongRunEmphasis,3.897982107064741,10,resample_linear
original_glrlm_LongRunHighGrayLevelEmphasis,glrlm,LongRunHighGrayLevelEmphasis,1185.8716387931167,10,resample_linear
original_glrlm_LongRunLowGrayLevelEmphasis,glrlm,LongRunLowGrayLevelEmphasis,0.0197226661738061,10,resample_linear
original_glrlm_LowGrayLevelRunEmphasis,glrlm,LowGrayLevelRunEmphasis,0.0058681575204384,10,resample_linear
original_glrlm_RunEntropy,glrlm,RunEntropy,5.713194061884674,10,resample_linear
original_glrlm_RunLengthNonUniformity,glrlm,RunLengthNonUniformity,19544.89172744944,10,resample_linear
original_glrlm_RunLengthNonUniformityNormalized,glrlm,RunLengthNonUniformityNormalized,0.4986199533379354,10,resample_linear
original_glrlm_RunPercentage,glrlm,RunPercentage,0.6328397975107525,10,resample_linear
original_glrlm_RunVariance,glrlm,RunVariance,1.2450804852131632,10,resample_linear
original_glrlm_ShortRunEmphasis,glrlm,ShortRunEmphasis,0.7222487349456266,10,resample_linear
original_glrlm_ShortRunHighGrayLevelEmphasis,glrlm,ShortRunHighGrayLevelEmphasis,208.16242613326008,10,resample_linear
original_glrlm_ShortRunLowGrayLevelEmphasis,glrlm,ShortRunLowGrayLevelEmphasis,0.0045720252912536,10,resample_linear
original_glszm_GrayLevelNonUniformity,glszm,GrayLevelNonUniformity,36.333333333333336,10,resample_linear
original_glszm_GrayLevelNonUniformityNormalized,glszm,GrayLevelNonUniformityNormalized,0.0526570048309178,10,resample_linear
original_glszm_GrayLevelVariance,glszm,GrayLevelVariance,34.16061541692922,10,resample_linear
original_glszm_HighGrayLevelZoneEmphasis,glszm,HighGrayLevelZoneEmphasis,183.38985507246375,10,resample_linear
original_glszm_LargeAreaEmphasis,glszm,LargeAreaEmphasis,274254.7536231884,10,resample_linear
original_glszm_LargeAreaHighGrayLevelEmphasis,glszm,LargeAreaHighGrayLevelEmphasis,84078906.23043478,10,resample_linear
original_glszm_LargeAreaLowGrayLevelEmphasis,glszm,LargeAreaLowGrayLevelEmphasis,1021.7290015995932,10,resample_linear
original_glszm_LowGrayLevelZoneEmphasis,glszm,LowGrayLevelZoneEmphasis,0.0248297330232674,10,resample_linear
original_glszm_SizeZoneNonUniformity,glszm,SizeZoneNonUniformity,153.3536231884058,10,resample_linear
original_glszm_SizeZoneNonUniformityNormalized,glszm,SizeZoneNonUniformityNormalized,0.2222516278092837,10,resample_linear
original_glszm_SmallAreaEmphasis,glszm,SmallAreaEmphasis,0.4872900472270322,10,resample_linear
original_glszm_SmallAreaHighGrayLevelEmphasis,glszm,SmallAreaHighGrayLevelEmphasis,94.9666114272871,10,resample_linear
original_glszm_SmallAreaLowGrayLevelEmphasis,glszm,SmallAreaLowGrayLevelEmphasis,0.0137806012240968,10,resample_linear
original_glszm_ZoneEntropy,glszm,ZoneEntropy,7.1562958807534764,10,resample_linear
original_glszm_ZonePercentage,glszm,ZonePercentage,0.0113805047006432,10,resample_linear
original_glszm_ZoneVariance,glszm,ZoneVariance,266533.69313169504,10,resample_linear
original_ngtdm_Busyness,ngtdm,Busyness,3.5132420097424486,10,resample_linear
original_ngtdm_Coarseness,ngtdm,Coarseness,0.0005669830370231,10,resample_linear
original_ngtdm_Complexity,ngtdm,Complexity,186.09998908125408,10,resample_linear
original_ngtdm_Contrast,ngtdm,Contrast,0.029253563352455,10,resample_linear
original_ngtdm_Strength,ngtdm,Strength,0.1627896505639927,10,resample_linear
original_glcm_Autocorrelation,glcm,Autocorrelation,171.54182219202536,10,voxel_spacing_aware
original_glcm_ClusterProminence,glcm,ClusterProminence,13027.154273009846,10,voxel_spacing_aware
original_glcm_ClusterShade,glcm,ClusterShade,10.854026174551333,10,voxel_spacing_aware
original_glcm_ClusterTendency,glcm,ClusterTendency,71.50809724303758,10,voxel_spacing_aware
original_glcm_Contrast,glcm,Contrast,5.1966925782083635,10,voxel_spacing_aware
original_glcm_Correlation,glcm,Correlation,0.8646084882346835,10,voxel_spacing_aware
original_glcm_DifferenceAverage,glcm,DifferenceAverage,1.4663441577292862,10,voxel_spacing_aware
original_glcm_DifferenceEntropy,glcm,DifferenceEntropy,1.7894948933587107,10,voxel_spacing_aware
original_glcm_DifferenceVariance,glcm,DifferenceVariance,1.945401501309614,10,voxel_spacing_aware
original_glcm_Id,glcm,Id,0.6003358113690971,10,voxel_spacing_aware
original_glcm_Idm,glcm,Idm,0.5637831220817379,10,voxel_spacing_aware
original_glcm_Idmn,glcm,Idmn,0.9912994928721828,10,voxel_spacing_aware
original_glcm_Idn,glcm,Idn,0.9465369076086492,10,voxel_spacing_aware
original_glcm_Imc1,glcm,Imc1,-0.4317955000970687,10,voxel_spacing_aware
original_glcm_Imc2,glcm,Imc2,0.9654974441840564,10,voxel_spacing_aware
original_glcm_InverseVariance,glcm,InverseVariance,0.3966262894250232,10,voxel_spacing_aware
original_glcm_JointAverage,glcm,JointAverage,12.448445226410946,10,voxel_spacing_aware
original_glcm_JointEnergy,glcm,JointEnergy,0.0162970079630319,10,voxel_spacing_aware
original_glcm_JointEntropy,glcm,JointEntropy,6.480489424588979,10,voxel_spacing_aware
original_glcm_MCC,glcm,MCC,0.8711764630855313,10,voxel_spacing_aware
original_glcm_MaximumProbability,glcm,MaximumProbability,0.0397681214516204,10,voxel_spacing_aware
original_glcm_SumAverage,glcm,SumAverage,24.896890452821896,10,voxel_spacing_aware
original_glcm_SumEntropy,glcm,SumEntropy,5.0773815383150325,10,voxel_spacing_aware
original_glcm_SumSquares,glcm,SumSquares,19.176197455311492,10,voxel_spacing_aware
original_gldm_DependenceEntropy,gldm,DependenceEntropy,7.836327084406362,10,voxel_spacing_aware
original_gldm_DependenceNonUniformity,gldm,DependenceNonUniformity,6025.73706086096,10,voxel_spacing_aware
original_gldm_DependenceNonUniformityNormalized,gldm,DependenceNonUniformityNormalized,0.0993854042695193,10,voxel_spacing_aware
original_gldm_DependenceVariance,gldm,DependenceVariance,25.159740086831956,10,voxel_spacing_aware
original_gldm_GrayLevelNonUniformity,gldm,GrayLevelNonUniformity,3861.595744680851,10,voxel_spacing_aware
original_gldm_GrayLevelVariance,gldm,GrayLevelVariance,19.627500671994586,10,voxel_spacing_aware
original_gldm_HighGrayLevelEmphasis,gldm,HighGrayLevelEmphasis,173.9250371103414,10,voxel_spacing_aware
original_gldm_LargeDependenceEmphasis,gldm,LargeDependenceEmphasis,177.0333498268184,10,voxel_spacing_aware
original_gldm_LargeDependenceHighGrayLevelEmphasis,gldm,LargeDependenceHighGrayLevelEmphasis,31632.75851888504,10,voxel_spacing_aware
original_gldm_LargeDependenceLowGrayLevelEmphasis,gldm,LargeDependenceLowGrayLevelEmphasis,2.2839054051808345,10,voxel_spacing_aware
original_gldm_LowGrayLevelEmphasis,gldm,LowGrayLevelEmphasis,0.0147793470877093,10,voxel_spacing_aware
original_gldm_SmallDependenceEmphasis,gldm,SmallDependenceEmphasis,0.0145531918259337,10,voxel_spacing_aware
original_gldm_SmallDependenceHighGrayLevelEmphasis,gldm,SmallDependenceHighGrayLevelEmphasis,2.518939966347675,10,voxel_spacing_aware
original_gldm_SmallDependenceLowGrayLevelEmphasis,gldm,SmallDependenceLowGrayLevelEmphasis,0.0002835995463272,10,voxel_spacing_aware
original_glrlm_GrayLevelNonUniformity,glrlm,GrayLevelNonUniformity,2142.1516965644755,10,voxel_spacing_aware
original_glrlm_GrayLevelNonUniformityNormalized,glrlm,GrayLevelNonUniformityNormalized,0.0626594937631848,10,voxel_spacing_aware
original_glrlm_GrayLevelVariance,glrlm,GrayLevelVariance,19.759176875474285,10,voxel_spacing_aware
original_glrlm_HighGrayLevelRunEmphasis,glrlm,HighGrayLevelRunEmphasis,172.2429788791355,10,voxel_spacing_aware
original_glrlm_LongRunEmphasis,glrlm,LongRunEmphasis,7.288305883985652,10,voxel_spacing_aware
original_glrlm_LongRunHighGrayLevelEmphasis,glrlm,LongRunHighGrayLevelEmphasis,1277.6587955078778,10,voxel_spacing_aware
original_glrlm_LongRunLowGrayLevelEmphasis,glrlm,LongRunLowGrayLevelEmphasis,0.1016650621997408,10,voxel_spacing_aware
original_glrlm_LowGrayLevelRunEmphasis,glrlm,LowGrayLevelRunEmphasis,0.015664159524228,10,voxel_spacing_aware
original_glrlm_RunEntropy,glrlm,RunEntropy,5.714233665556581,10,voxel_spacing_aware
original_glrlm_RunLengthNonUniformity,glrlm,RunLengthNonUniformity,14768.760467859522,10,voxel_spacing_aware
original_glrlm_RunLengthNonUniformityNormalized,glrlm,RunLengthNonUniformityNormalized,0.436074701529821,10,voxel_spacing_aware
original_glrlm_RunPercentage,glrlm,RunPercentage,0.564473033151905,10,voxel_spacing_aware
original_glrlm_RunVariance,glrlm,RunVariance,1.436124921844783,10,voxel_spacing_aware
original_glrlm_ShortRunEmphasis,glrlm,ShortRunEmphasis,0.6157805680203601,10,voxel_spacing_aware
original_glrlm_ShortRunHighGrayLevelEmphasis,glrlm,ShortRunHighGrayLevelEmphasis,105.26766444727257,10,voxel_spacing_aware
original_glrlm_ShortRunLowGrayLevelEmphasis,glrlm,ShortRunLowGrayLevelEmphasis,0.0101250344651789,10,voxel_spacing_aware
original_glszm_GrayLevelNonUniformity,glszm,GrayLevelNonUniformity,26.18709677419355,10,voxel_spacing_aware
original_glszm_GrayLevelNonUniformityNormalized,glszm,GrayLevelNonUniformityNormalized,0.0563163371488033,10,voxel_spacing_aware
original_glszm_GrayLevelVariance,glszm,GrayLevelVariance,25.00783905653833,10,voxel_spacing_aware
original_glszm_HighGrayLevelZoneEmphasis,glszm,HighGrayLevelZoneEmphasis,171.33978494623656,10,voxel_spacing_aware
original_glszm_LargeAreaEmphasis,glszm,LargeAreaEmphasis,79489.56989247311,10,voxel_spacing_aware
original_glszm_LargeAreaHighGrayLevelEmphasis,glszm,LargeAreaHighGrayLevelEmphasis,13850901.129032258,10,voxel_spacing_aware
original_glszm_LargeAreaLowGrayLevelEmphasis,glszm,LargeAreaLowGrayLevelEmphasis,759.2499031193346,10,voxel_spacing_aware
original_glszm_LowGrayLevelZoneEmphasis,glszm,LowGrayLevelZoneEmphasis,0.0260262296163165,10,voxel_spacing_aware
original_glszm_SizeZoneNonUniformity,glszm,SizeZoneNonUniformity,54.93118279569892,10,voxel_spacing_aware
original_glszm_SizeZoneNonUniformityNormalized,glszm,SizeZoneNonUniformityNormalized,0.1181315759047288,10,voxel_spacing_aware
original_glszm_SmallAreaEmphasis,glszm,SmallAreaEmphasis,0.0140424122032019,10,voxel_spacing_aware
original_glszm_SmallAreaHighGrayLevelEmphasis,glszm,SmallAreaHighGrayLevelEmphasis,2.5505282533058993,10,voxel_spacing_aware
original_glszm_SmallAreaLowGrayLevelEmphasis,glszm,SmallAreaLowGrayLevelEmphasis,0.0004618123387922,10,voxel_spacing_aware
original_glszm_ZoneEntropy,glszm,ZoneEntropy,7.534349374650734,10,voxel_spacing_aware
original_glszm_ZonePercentage,glszm,ZonePercentage,0.0076694705591291,10,voxel_spacing_aware
original_glszm_ZoneVariance,glszm,ZoneVariance,62488.77488727021,10,voxel_spacing_aware
original_ngtdm_Busyness,ngtdm,Busyness,2.6532669722324136,10,voxel_spacing_aware
original_ngtdm_Coarseness,ngtdm,Coarseness,0.0014031985299686,10,voxel_spacing_aware
original_ngtdm_Complexity,ngtdm,Complexity,211.75948745112828,10,voxel_spacing_aware
original_ngtdm_Contrast,ngtdm,Contrast,0.0675328757300055,10,voxel_spacing_aware
original_ngtdm_Strength,ngtdm,Strength,0.2815734252237964,10,voxel_spacing_aware
original_glcm_Autocorrelation,glcm,Autocorrelation,34.58753758495539,25,native_original
original_glcm_ClusterProminence,glcm,ClusterProminence,311.3041398881424,25,native_original
original_glcm_ClusterShade,glcm,ClusterShade,0.4655828255547775,25,native_original
original_glcm_ClusterTendency,glcm,ClusterTendency,11.011881190591271,25,native_original
original_glcm_Contrast,glcm,Contrast,1.4870374635756822,25,native_original
original_glcm_Correlation,glcm,Correlation,0.7621507062793819,25,native_original
original_glcm_DifferenceAverage,glcm,DifferenceAverage,0.839884673725355,25,native_original
original_glcm_DifferenceEntropy,glcm,DifferenceEntropy,1.4150890296130916,25,native_original
original_glcm_DifferenceVariance,glcm,DifferenceVariance,0.6260606611850738,25,native_original
original_glcm_Id,glcm,Id,0.6834857947267582,25,native_original
original_glcm_Idm,glcm,Idm,0.6447729421223551,25,native_original
original_glcm_Idmn,glcm,Idmn,0.9857016853537784,25,native_original
original_glcm_Idn,glcm,Idn,0.928487553126832,25,native_original
original_glcm_Imc1,glcm,Imc1,-0.3554414484150945,25,native_original
original_glcm_Imc2,glcm,Imc2,0.8936891348910181,25,native_original
original_glcm_InverseVariance,glcm,InverseVariance,0.31547116828531,25,native_original
original_glcm_JointAverage,glcm,JointAverage,5.67505992288611,25,native_original
original_glcm_JointEnergy,glcm,JointEnergy,0.055287016928315,25,native_original
original_glcm_JointEntropy,glcm,JointEntropy,4.6908746553418315,25,native_original
original_glcm_MCC,glcm,MCC,0.7655137585890059,25,native_original
original_glcm_MaximumProbability,glcm,MaximumProbability,0.1076572388849377,25,native_original
original_glcm_SumAverage,glcm,SumAverage,11.35011984577222,25,native_original
original_glcm_SumEntropy,glcm,SumEntropy,3.5846603778211015,25,native_original
original_glcm_SumSquares,glcm,SumSquares,3.1247296635417383,25,native_original
original_gldm_DependenceEntropy,gldm,DependenceEntropy,6.748581417208246,25,native_original
original_gldm_DependenceNonUniformity,gldm,DependenceNonUniformity,868.097971301336,25,native_original
original_gldm_DependenceNonUniformityNormalized,gldm,DependenceNonUniformityNormalized,0.0715898046595197,25,native_original
original_gldm_DependenceVariance,gldm,DependenceVariance,19.75530969571819,25,native_original
original_gldm_GrayLevelNonUniformity,gldm,GrayLevelNonUniformity,1871.541810984661,25,native_original
original_gldm_GrayLevelVariance,gldm,GrayLevelVariance,3.193851224412078,25,native_original
original_gldm_HighGrayLevelEmphasis,gldm,HighGrayLevelEmphasis,35.28814118423223,25,native_original
original_gldm_LargeDependenceEmphasis,gldm,LargeDependenceEmphasis,164.7585353785255,25,native_original
original_gldm_LargeDependenceHighGrayLevelEmphasis,gldm,LargeDependenceHighGrayLevelEmphasis,5844.428995546759,25,native_original
original_gldm_LargeDependenceLowGrayLevelEmphasis,gldm,LargeDependenceLowGrayLevelEmphasis,7.726119594189104,25,native_original
original_gldm_LowGrayLevelEmphasis,gldm,LowGrayLevelEmphasis,0.0509695439658383,25,native_original
original_gldm_SmallDependenceEmphasis,gldm,SmallDependenceEmphasis,0.0184646284013753,25,native_original
original_gldm_SmallDependenceHighGrayLevelEmphasis,gldm,SmallDependenceHighGrayLevelEmphasis,0.664409370361318,25,native_original
original_gldm_SmallDependenceLowGrayLevelEmphasis,gldm,SmallDependenceLowGrayLevelEmphasis,0.0012243385755492,25,native_original
original_glrlm_GrayLevelNonUniformity,glrlm,GrayLevelNonUniformity,1060.4856227970497,25,native_original
original_glrlm_GrayLevelNonUniformityNormalized,glrlm,GrayLevelNonUniformityNormalized,0.1510499332872742,25,native_original
original_glrlm_GrayLevelVariance,glrlm,GrayLevelVariance,3.328031593877766,25,native_original
original_glrlm_HighGrayLevelRunEmphasis,glrlm,HighGrayLevelRunEmphasis,35.176505801514004,25,native_original
original_glrlm_LongRunEmphasis,glrlm,LongRunEmphasis,8.538886686963691,25,native_original
original_glrlm_LongRunHighGrayLevelEmphasis,glrlm,LongRunHighGrayLevelEmphasis,305.59498132009577,25,native_original
original_glrlm_LongRunLowGrayLevelEmphasis,glrlm,LongRunLowGrayLevelEmphasis,0.3906957237542382,25,native_original
original_glrlm_LowGrayLevelRunEmphasis,glrlm,LowGrayLevelRunEmphasis,0.0539520416041134,25,native_original
original_glrlm_RunEntropy,glrlm,RunEntropy,4.465247063041276,25,native_original
original_glrlm_RunLengthNonUniformity,glrlm,RunLengthNonUniformity,3243.2719636032457,25,native_original
original_glrlm_RunLengthNonUniformityNormalized,glrlm,RunLengthNonUniformityNormalized,0.4103940546942009,25,native_original
original_glrlm_RunPercentage,glrlm,RunPercentage,0.5753181339524732,25,native_original
original_glrlm_RunVariance,glrlm,RunVariance,3.03727160188601,25,native_original
original_glrlm_ShortRunEmphasis,glrlm,ShortRunEmphasis,0.586800355325577,25,native_original
original_glrlm_ShortRunHighGrayLevelEmphasis,glrlm,ShortRunHighGrayLevelEmphasis,20.704940890205833,25,native_original
original_glrlm_ShortRunLowGrayLevelEmphasis,glrlm,ShortRunLowGrayLevelEmphasis,0.0327323362063336,25,native_original
original_glszm_GrayLevelNonUniformity,glszm,GrayLevelNonUniformity,16.81679389312977,25,native_original
original_glszm_GrayLevelNonUniformityNormalized,glszm,GrayLevelNonUniformityNormalized,0.1283724724666394,25,native_original
original_glszm_GrayLevelVariance,glszm,GrayLevelVariance,5.749198764640755,25,native_original
original_glszm_HighGrayLevelZoneEmphasis,glszm,HighGrayLevelZoneEmphasis,37.229007633587784,25,native_original
original_glszm_LargeAreaEmphasis,glszm,LargeAreaEmphasis,63002.30534351145,25,native_original
original_glszm_LargeAreaHighGrayLevelEmphasis,glszm,LargeAreaHighGrayLevelEmphasis,2073227.7709923664,25,native_original
original_glszm_LargeAreaLowGrayLevelEmphasis,glszm,LargeAreaLowGrayLevelEmphasis,2400.232267320061,25,native_original
original_glszm_LowGrayLevelZoneEmphasis,glszm,LowGrayLevelZoneEmphasis,0.0971847875423847,25,native_original
original_glszm_SizeZoneNonUniformity,glszm,SizeZoneNonUniformity,21.748091603053435,25,native_original
original_glszm_SizeZoneNonUniformityNormalized,glszm,SizeZoneNonUniformityNormalized,0.1660159664355224,25,native_original
original_glszm_SmallAreaEmphasis,glszm,SmallAreaEmphasis,0.4121020102836982,25,native_original
original_glszm_SmallAreaHighGrayLevelEmphasis,glszm,SmallAreaHighGrayLevelEmphasis,15.867735740185298,25,native_original
original_glszm_SmallAreaLowGrayLevelEmphasis,glszm,SmallAreaLowGrayLevelEmphasis,0.037983109452293,25,native_original
original_glszm_ZoneEntropy,glszm,ZoneEntropy,5.801185001517869,25,native_original
original_glszm_ZonePercentage,glszm,ZonePercentage,0.0108032327230743,25,native_original
original_glszm_ZoneVariance,glszm,ZoneVariance,54434.04731658994,25,native_original
original_ngtdm_Busyness,ngtdm,Busyness,25.022526338132504,25,native_original
original_ngtdm_Coarseness,ngtdm,Coarseness,0.0007897913675166,25,native_original
original_ngtdm_Complexity,ngtdm,Complexity,26.94568433418289,25,native_original
original_ngtdm_Contrast,ngtdm,Contrast,0.0491961938079195,25,native_original
original_ngtdm_Strength,ngtdm,Strength,0.0272954048475106,25,native_original
original_glcm_Autocorrelation,glcm,Autocorrelation,58.34899050685703,25,resample_linear
original_glcm_ClusterProminence,glcm,ClusterProminence,417.6828272486485,25,resample_linear
original_glcm_ClusterShade,glcm,ClusterShade,-3.9055161384291,25,resample_linear
original_glcm_ClusterTendency,glcm,ClusterTendency,12.53123304973572,25,resample_linear
original_glcm_Contrast,glcm,Contrast,0.5333407604638402,25,resample_linear
original_glcm_Correlation,glcm,Correlation,0.9175101435804608,25,resample_linear
original_glcm_DifferenceAverage,glcm,DifferenceAverage,0.3851064003123994,25,resample_linear
original_glcm_DifferenceEntropy,glcm,DifferenceEntropy,1.1188579439766826,25,resample_linear
original_glcm_DifferenceVariance,glcm,DifferenceVariance,0.3743224125410594,25,resample_linear
original_glcm_Id,glcm,Id,0.8286183372482244,25,resample_linear
original_glcm_Idm,glcm,Idm,0.8219534881914206,25,resample_linear
original_glcm_Idmn,glcm,Idmn,0.996390451671594,25,resample_linear
original_glcm_Idn,glcm,Idn,0.9711568752986872,25,resample_linear
original_glcm_Imc1,glcm,Imc1,-0.5224961640479119,25,resample_linear
original_glcm_Imc2,glcm,Imc2,0.9719993986477514,25,resample_linear
original_glcm_InverseVariance,glcm,InverseVariance,0.2865658896533993,25,resample_linear
original_glcm_JointAverage,glcm,JointAverage,7.439654947923231,25,resample_linear
original_glcm_JointEnergy,glcm,JointEnergy,0.0797821499880354,25,resample_linear
original_glcm_JointEntropy,glcm,JointEntropy,4.2684622158205645,25,resample_linear
original_glcm_MCC,glcm,MCC,0.9280563571985958,25,resample_linear
original_glcm_MaximumProbability,glcm,MaximumProbability,0.1486893000561671,25,resample_linear
original_glcm_SumAverage,glcm,SumAverage,14.87930989584646,25,resample_linear
original_glcm_SumEntropy,glcm,SumEntropy,3.704349042575689,25,resample_linear
original_glcm_SumSquares,glcm,SumSquares,3.2661434525498905,25,resample_linear
original_gldm_DependenceEntropy,gldm,DependenceEntropy,7.242236367294646,25,resample_linear
original_gldm_DependenceNonUniformity,gldm,DependenceNonUniformity,3162.1642091373906,25,resample_linear
original_gldm_DependenceNonUniformityNormalized,gldm,DependenceNonUniformityNormalized,0.0521551081830346,25,resample_linear
original_gldm_DependenceVariance,gldm,DependenceVariance,37.013875288088514,25,resample_linear
original_gldm_GrayLevelNonUniformity,gldm,GrayLevelNonUniformity,9009.780669635496,25,resample_linear
original_gldm_GrayLevelVariance,gldm,GrayLevelVariance,3.497891374445936,25,resample_linear
original_gldm_HighGrayLevelEmphasis,gldm,HighGrayLevelEmphasis,57.862427841002805,25,resample_linear
original_gldm_LargeDependenceEmphasis,gldm,LargeDependenceEmphasis,348.7008741547089,25,resample_linear
original_gldm_LargeDependenceHighGrayLevelEmphasis,gldm,LargeDependenceHighGrayLevelEmphasis,21175.96999835065,25,resample_linear
original_gldm_LargeDependenceLowGrayLevelEmphasis,gldm,LargeDependenceLowGrayLevelEmphasis,7.231108641741844,25,resample_linear
original_gldm_LowGrayLevelEmphasis,gldm,LowGrayLevelEmphasis,0.0245837653301385,25,resample_linear
original_gldm_SmallDependenceEmphasis,gldm,SmallDependenceEmphasis,0.0096823583208683,25,resample_linear
original_gldm_SmallDependenceHighGrayLevelEmphasis,gldm,SmallDependenceHighGrayLevelEmphasis,0.4394191447560759,25,resample_linear
original_gldm_SmallDependenceLowGrayLevelEmphasis,gldm,SmallDependenceLowGrayLevelEmphasis,0.0005115895772636,25,resample_linear
original_glrlm_GrayLevelNonUniformity,glrlm,GrayLevelNonUniformity,2936.530966317157,25,resample_linear
original_glrlm_GrayLevelNonUniformityNormalized,glrlm,GrayLevelNonUniformityNormalized,0.1353988662056047,25,resample_linear
original_glrlm_GrayLevelVariance,glrlm,GrayLevelVariance,4.141418585856181,25,resample_linear
original_glrlm_HighGrayLevelRunEmphasis,glrlm,HighGrayLevelRunEmphasis,54.42382483023277,25,resample_linear
original_glrlm_LongRunEmphasis,glrlm,LongRunEmphasis,15.757901073887748,25,resample_linear
original_glrlm_LongRunHighGrayLevelEmphasis,glrlm,LongRunHighGrayLevelEmphasis,930.7238682043436,25,resample_linear
original_glrlm_LongRunLowGrayLevelEmphasis,glrlm,LongRunLowGrayLevelEmphasis,0.3551056576120378,25,resample_linear
original_glrlm_LowGrayLevelRunEmphasis,glrlm,LowGrayLevelRunEmphasis,0.0295779509283916,25,resample_linear
original_glrlm_RunEntropy,glrlm,RunEntropy,5.55344524379396,25,resample_linear
original_glrlm_RunLengthNonUniformity,glrlm,RunLengthNonUniformity,5421.670040374613,25,resample_linear
original_glrlm_RunLengthNonUniformityNormalized,glrlm,RunLengthNonUniformityNormalized,0.2365018754044796,25,resample_linear
original_glrlm_RunPercentage,glrlm,RunPercentage,0.3594361765564141,25,resample_linear
original_glrlm_RunVariance,glrlm,RunVariance,6.485032213449708,25,resample_linear
original_glrlm_ShortRunEmphasis,glrlm,ShortRunEmphasis,0.4612283564650496,25,resample_linear
original_glrlm_ShortRunHighGrayLevelEmphasis,glrlm,ShortRunHighGrayLevelEmphasis,22.413877395405645,25,resample_linear
original_glrlm_ShortRunLowGrayLevelEmphasis,glrlm,ShortRunLowGrayLevelEmphasis,0.0175433231606557,25,resample_linear
original_glszm_GrayLevelNonUniformity,glszm,GrayLevelNonUniformity,35.57328990228013,25,resample_linear
original_glszm_GrayLevelNonUniformityNormalized,glszm,GrayLevelNonUniformityNormalized,0.1158739084764825,25,resample_linear
original_glszm_GrayLevelVariance,glszm,GrayLevelVariance,6.572377425755181,25,resample_linear
original_glszm_HighGrayLevelZoneEmphasis,glszm,HighGrayLevelZoneEmphasis,37.925081433224754,25,resample_linear
original_glszm_LargeAreaEmphasis,glszm,LargeAreaEmphasis,1614508.638436482,25,resample_linear
original_glszm_LargeAreaHighGrayLevelEmphasis,glszm,LargeAreaHighGrayLevelEmphasis,94705005.71661238,25,resample_linear
original_glszm_LargeAreaLowGrayLevelEmphasis,glszm,LargeAreaLowGrayLevelEmphasis,31233.25967990131,25,resample_linear
original_glszm_LowGrayLevelZoneEmphasis,glszm,LowGrayLevelZoneEmphasis,0.0796424254144547,25,resample_linear
original_glszm_SizeZoneNonUniformity,glszm,SizeZoneNonUniformity,68.49837133550488,25,resample_linear
original_glszm_SizeZoneNonUniformityNormalized,glszm,SizeZoneNonUniformityNormalized,0.2231217307345436,25,resample_linear
original_glszm_SmallAreaEmphasis,glszm,SmallAreaEmphasis,0.4828701445369017,25,resample_linear
original_glszm_SmallAreaHighGrayLevelEmphasis,glszm,SmallAreaHighGrayLevelEmphasis,19.709066089604633,25,resample_linear
original_glszm_SmallAreaLowGrayLevelEmphasis,glszm,SmallAreaLowGrayLevelEmphasis,0.0391359072043632,25,resample_linear
original_glszm_ZoneEntropy,glszm,ZoneEntropy,5.998241426503048,25,resample_linear
original_glszm_ZonePercentage,glszm,ZonePercentage,0.0050634999175325,25,resample_linear
original_glszm_ZoneVariance,glszm,ZoneVariance,1575505.6049825463,25,resample_linear
original_ngtdm_Busyness,ngtdm,Busyness,27.924265267887463,25,resample_linear
original_ngtdm_Coarseness,ngtdm,Coarseness,0.0003871274602589,25,resample_linear
original_ngtdm_Complexity,ngtdm,Complexity,18.521474924731283,25,resample_linear
original_ngtdm_Contrast,ngtdm,Contrast,0.016663646808356,25,resample_linear
original_ngtdm_Strength,ngtdm,Strength,0.0203665009050925,25,resample_linear
original_glcm_Autocorrelation,glcm,Autocorrelation,34.845660563310936,25,voxel_spacing_aware
original_glcm_ClusterProminence,glcm,ClusterProminence,340.0067769811122,25,voxel_spacing_aware
original_glcm_ClusterShade,glcm,ClusterShade,0.4355424431619389,25,voxel_spacing_aware
original_glcm_ClusterTendency,glcm,ClusterTendency,11.520672783145317,25,voxel_spacing_aware
original_glcm_Contrast,glcm,Contrast,0.9621819444558544,25,voxel_spacing_aware
original_glcm_Correlation,glcm,Correlation,0.8458788751342227,25,voxel_spacing_aware
original_glcm_DifferenceAverage,glcm,DifferenceAverage,0.5895053843517924,25,voxel_spacing_aware
original_glcm_DifferenceEntropy,glcm,DifferenceEntropy,1.15836677886383,25,voxel_spacing_aware
original_glcm_DifferenceVariance,glcm,DifferenceVariance,0.4389124162505476,25,voxel_spacing_aware
original_glcm_Id,glcm,Id,0.7647233467142022,25,voxel_spacing_aware
original_glcm_Idm,glcm,Idm,0.7425149638345101,25,voxel_spacing_aware
original_glcm_Idmn,glcm,Idmn,0.99071915377309,25,voxel_spacing_aware
original_glcm_Idn,glcm,Idn,0.949195031477517,25,voxel_spacing_aware
original_glcm_Imc1,glcm,Imc1,-0.475532153332998,25,voxel_spacing_aware
original_glcm_Imc2,glcm,Imc2,0.9323626779466264,25,voxel_spacing_aware
original_glcm_InverseVariance,glcm,InverseVariance,0.2883157604624999,25,voxel_spacing_aware
original_glcm_JointAverage,glcm,JointAverage,5.675034134624464,25,voxel_spacing_aware
original_glcm_JointEnergy,glcm,JointEnergy,0.0721029936772014,25,voxel_spacing_aware
original_glcm_JointEntropy,glcm,JointEntropy,4.346728307124056,25,voxel_spacing_aware
original_glcm_MCC,glcm,MCC,0.8489523197437179,25,voxel_spacing_aware
original_glcm_MaximumProbability,glcm,MaximumProbability,0.1358379103222884,25,voxel_spacing_aware
original_glcm_SumAverage,glcm,SumAverage,11.350068269248927,25,voxel_spacing_aware
original_glcm_SumEntropy,glcm,SumEntropy,3.6039959760023863,25,voxel_spacing_aware
original_glcm_SumSquares,glcm,SumSquares,3.1207136819002925,25,voxel_spacing_aware
original_gldm_DependenceEntropy,gldm,DependenceEntropy,6.547990036818396,25,voxel_spacing_aware
original_gldm_DependenceNonUniformity,gldm,DependenceNonUniformity,6159.373445489032,25,voxel_spacing_aware
original_gldm_DependenceNonUniformityNormalized,gldm,DependenceNonUniformityNormalized,0.1015895339846451,25,voxel_spacing_aware
original_gldm_DependenceVariance,gldm,DependenceVariance,37.52932242026646,25,voxel_spacing_aware
original_gldm_GrayLevelNonUniformity,gldm,GrayLevelNonUniformity,9357.709054923303,25,voxel_spacing_aware
original_gldm_GrayLevelVariance,gldm,GrayLevelVariance,3.193851224412078,25,voxel_spacing_aware
original_gldm_HighGrayLevelEmphasis,gldm,HighGrayLevelEmphasis,35.28814118423223,25,voxel_spacing_aware
original_gldm_LargeDependenceEmphasis,gldm,LargeDependenceEmphasis,383.7225136071252,25,voxel_spacing_aware
original_gldm_LargeDependenceHighGrayLevelEmphasis,gldm,LargeDependenceHighGrayLevelEmphasis,13645.63585683655,25,voxel_spacing_aware
original_gldm_LargeDependenceLowGrayLevelEmphasis,gldm,LargeDependenceLowGrayLevelEmphasis,17.924322315846855,25,voxel_spacing_aware
original_gldm_LowGrayLevelEmphasis,gldm,LowGrayLevelEmphasis,0.0509695439658383,25,voxel_spacing_aware
original_gldm_SmallDependenceEmphasis,gldm,SmallDependenceEmphasis,0.0060947868511182,25,voxel_spacing_aware
original_gldm_SmallDependenceHighGrayLevelEmphasis,gldm,SmallDependenceHighGrayLevelEmphasis,0.2169605095687737,25,voxel_spacing_aware
original_gldm_SmallDependenceLowGrayLevelEmphasis,gldm,SmallDependenceLowGrayLevelEmphasis,0.0003718428198154,25,voxel_spacing_aware
original_glrlm_GrayLevelNonUniformity,glrlm,GrayLevelNonUniformity,2899.054701944491,25,voxel_spacing_aware
original_glrlm_GrayLevelNonUniformityNormalized,glrlm,GrayLevelNonUniformityNormalized,0.1483452326742761,25,voxel_spacing_aware
original_glrlm_GrayLevelVariance,glrlm,GrayLevelVariance,3.435999953100764,25,voxel_spacing_aware
original_glrlm_HighGrayLevelRunEmphasis,glrlm,HighGrayLevelRunEmphasis,35.04657606718118,25,voxel_spacing_aware
original_glrlm_LongRunEmphasis,glrlm,LongRunEmphasis,18.691665194806465,25,voxel_spacing_aware
original_glrlm_LongRunHighGrayLevelEmphasis,glrlm,LongRunHighGrayLevelEmphasis,666.1581005018771,25,voxel_spacing_aware
original_glrlm_LongRunLowGrayLevelEmphasis,glrlm,LongRunLowGrayLevelEmphasis,0.8789976091437436,25,voxel_spacing_aware
original_glrlm_LowGrayLevelRunEmphasis,glrlm,LowGrayLevelRunEmphasis,0.0563795353676818,25,voxel_spacing_aware
original_glrlm_RunEntropy,glrlm,RunEntropy,5.43794118459407,25,voxel_spacing_aware
original_glrlm_RunLengthNonUniformity,glrlm,RunLengthNonUniformity,4219.658574331612,25,voxel_spacing_aware
original_glrlm_RunLengthNonUniformityNormalized,glrlm,RunLengthNonUniformityNormalized,0.2251612707175178,25,voxel_spacing_aware
original_glrlm_RunPercentage,glrlm,RunPercentage,0.3228358644489273,25,voxel_spacing_aware
original_glrlm_RunVariance,glrlm,RunVariance,5.684700196915913,25,voxel_spacing_aware
original_glrlm_ShortRunEmphasis,glrlm,ShortRunEmphasis,0.3787440547515479,25,voxel_spacing_aware
original_glrlm_ShortRunHighGrayLevelEmphasis,glrlm,ShortRunHighGrayLevelEmphasis,13.325290818389682,25,voxel_spacing_aware
original_glrlm_ShortRunLowGrayLevelEmphasis,glrlm,ShortRunLowGrayLevelEmphasis,0.0237244706872589,25,voxel_spacing_aware
original_glszm_GrayLevelNonUniformity,glszm,GrayLevelNonUniformity,16.81679389312977,25,voxel_spacing_aware
original_glszm_GrayLevelNonUniformityNormalized,glszm,GrayLevelNonUniformityNormalized,0.1283724724666394,25,voxel_spacing_aware
original_glszm_GrayLevelVariance,glszm,GrayLevelVariance,5.749198764640755,25,voxel_spacing_aware
original_glszm_HighGrayLevelZoneEmphasis,glszm,HighGrayLevelZoneEmphasis,37.229007633587784,25,voxel_spacing_aware
original_glszm_LargeAreaEmphasis,glszm,LargeAreaEmphasis,1575057.6335877862,25,voxel_spacing_aware
original_glszm_LargeAreaHighGrayLevelEmphasis,glszm,LargeAreaHighGrayLevelEmphasis,51830694.27480916,25,voxel_spacing_aware
original_glszm_LargeAreaLowGrayLevelEmphasis,glszm,LargeAreaLowGrayLevelEmphasis,60005.80668300152,25,voxel_spacing_aware
original_glszm_LowGrayLevelZoneEmphasis,glszm,LowGrayLevelZoneEmphasis,0.0971847875423847,25,voxel_spacing_aware
original_glszm_SizeZoneNonUniformity,glszm,SizeZoneNonUniformity,21.748091603053435,25,voxel_spacing_aware
original_glszm_SizeZoneNonUniformityNormalized,glszm,SizeZoneNonUniformityNormalized,0.1660159664355224,25,voxel_spacing_aware
original_glszm_SmallAreaEmphasis,glszm,SmallAreaEmphasis,0.0164840804113479,25,voxel_spacing_aware
original_glszm_SmallAreaHighGrayLevelEmphasis,glszm,SmallAreaHighGrayLevelEmphasis,0.634709429607412,25,voxel_spacing_aware
original_glszm_SmallAreaLowGrayLevelEmphasis,glszm,SmallAreaLowGrayLevelEmphasis,0.0015193243780917,25,voxel_spacing_aware
original_glszm_ZoneEntropy,glszm,ZoneEntropy,5.801185001517869,25,voxel_spacing_aware
original_glszm_ZonePercentage,glszm,ZonePercentage,0.0021606465446148,25,voxel_spacing_aware
original_glszm_ZoneVariance,glszm,ZoneVariance,1360851.1829147486,25,voxel_spacing_aware
original_ngtdm_Busyness,ngtdm,Busyness,15.161452747480542,25,voxel_spacing_aware
original_ngtdm_Coarseness,ngtdm,Coarseness,0.00130347504454,25,voxel_spacing_aware
original_ngtdm_Complexity,ngtdm,Complexity,16.478939682481755,25,voxel_spacing_aware
original_ngtdm_Contrast,ngtdm,Contrast,0.0302076454846812,25,voxel_spacing_aware
original_ngtdm_Strength,ngtdm,Strength,0.0444533165494386,25,voxel_spacing_aware
original_glcm_Autocorrelation,glcm,Autocorrelation,10.06521088533128,50,native_original
original_glcm_ClusterProminence,glcm,ClusterProminence,21.42303846577206,50,native_original
original_glcm_ClusterShade,glcm,ClusterShade,0.1933083488177317,50,native_original
original_glcm_ClusterTendency,glcm,ClusterTendency,2.8159084641540417,50,native_original
original_glcm_Contrast,glcm,Contrast,0.4365541250193894,50,native_original
original_glcm_Correlation,glcm,Correlation,0.7316465910257445,50,native_original
original_glcm_DifferenceAverage,glcm,DifferenceAverage,0.4191705787526935,50,native_original
original_glcm_DifferenceEntropy,glcm,DifferenceEntropy,0.921732236372292,50,native_original
original_glcm_DifferenceVariance,glcm,DifferenceVariance,0.2242336314088088,50,native_original
original_glcm_Id,glcm,Id,0.7933119683347691,50,native_original
original_glcm_Idm,glcm,Idm,0.7921530652503227,50,native_original
original_glcm_Idmn,glcm,Idmn,0.9833477873369204,50,native_original
original_glcm_Idn,glcm,Idn,0.930552130833282,50,native_original
original_glcm_Imc1,glcm,Imc1,-0.3551974780695379,50,native_original
original_glcm_Imc2,glcm,Imc2,0.8171074568223984,50,native_original
original_glcm_InverseVariance,glcm,InverseVariance,0.4039599757693347,50,native_original
original_glcm_JointAverage,glcm,JointAverage,3.077396156205133,50,native_original
original_glcm_JointEnergy,glcm,JointEnergy,0.153561169101731,50,native_original
original_glcm_JointEntropy,glcm,JointEntropy,3.109903933420973,50,native_original
original_glcm_MCC,glcm,MCC,0.7338769773673289,50,native_original
original_glcm_MaximumProbability,glcm,MaximumProbability,0.2572530747516811,50,native_original
original_glcm_SumAverage,glcm,SumAverage,6.154792312410266,50,native_original
original_glcm_SumEntropy,glcm,SumEntropy,2.6436653790202316,50,native_original
original_glcm_SumSquares,glcm,SumSquares,0.8131156472933577,50,native_original
original_gldm_DependenceEntropy,gldm,DependenceEntropy,5.422664925970533,50,native_original
original_gldm_DependenceNonUniformity,gldm,DependenceNonUniformity,1754.623123866073,50,native_original
original_gldm_DependenceNonUniformityNormalized,gldm,DependenceNonUniformityNormalized,0.1446992515146027,50,native_original
original_gldm_DependenceVariance,gldm,DependenceVariance,19.17698967591621,50,native_original
original_gldm_GrayLevelNonUniformity,gldm,GrayLevelNonUniformity,3677.706251030843,50,native_original
original_gldm_GrayLevelVariance,gldm,GrayLevelVariance,0.8289941974651829,50,native_original
original_gldm_HighGrayLevelEmphasis,gldm,HighGrayLevelEmphasis,10.27577107042718,50,native_original
original_gldm_LargeDependenceEmphasis,gldm,LargeDependenceEmphasis,241.33102424542307,50,native_original
original_gldm_LargeDependenceHighGrayLevelEmphasis,gldm,LargeDependenceHighGrayLevelEmphasis,2479.639782285997,50,native_original
original_gldm_LargeDependenceLowGrayLevelEmphasis,gldm,LargeDependenceLowGrayLevelEmphasis,35.49683867997141,50,native_original
original_gldm_LowGrayLevelEmphasis,gldm,LowGrayLevelEmphasis,0.1549645619147103,50,native_original
original_gldm_SmallDependenceEmphasis,gldm,SmallDependenceEmphasis,0.0090567198087193,50,native_original
original_gldm_SmallDependenceHighGrayLevelEmphasis,gldm,SmallDependenceHighGrayLevelEmphasis,0.0996981369777232,50,native_original
original_gldm_SmallDependenceLowGrayLevelEmphasis,gldm,SmallDependenceLowGrayLevelEmphasis,0.0017345007923846,50,native_original
original_glrlm_GrayLevelNonUniformity,glrlm,GrayLevelNonUniformity,1648.8196828399762,50,native_original
original_glrlm_GrayLevelNonUniformityNormalized,glrlm,GrayLevelNonUniformityNormalized,0.2911622195571275,50,native_original
original_glrlm_GrayLevelVariance,glrlm,GrayLevelVariance,0.8910863437865415,50,native_original
original_glrlm_HighGrayLevelRunEmphasis,glrlm,HighGrayLevelRunEmphasis,10.292911205504463,50,native_original
original_glrlm_LongRunEmphasis,glrlm,LongRunEmphasis,21.782081335783932,50,native_original
original_glrlm_LongRunHighGrayLevelEmphasis,glrlm,LongRunHighGrayLevelEmphasis,221.3292601718603,50,native_original
original_glrlm_LongRunLowGrayLevelEmphasis,glrlm,LongRunLowGrayLevelEmphasis,3.1982652504134794,50,native_original
original_glrlm_LowGrayLevelRunEmphasis,glrlm,LowGrayLevelRunEmphasis,0.1618844959813979,50,native_original
original_glrlm_RunEntropy,glrlm,RunEntropy,4.032989396177627,50,native_original
original_glrlm_RunLengthNonUniformity,glrlm,RunLengthNonUniformity,2235.7932866862375,50,native_original
original_glrlm_RunLengthNonUniformityNormalized,glrlm,RunLengthNonUniformityNormalized,0.333070731902638,50,native_original
original_glrlm_RunPercentage,glrlm,RunPercentage,0.4651987464951342,50,native_original
original_glrlm_RunVariance,glrlm,RunVariance,8.42775877665767,50,native_original
original_glrlm_ShortRunEmphasis,glrlm,ShortRunEmphasis,0.4846224214476217,50,native_original
original_glrlm_ShortRunHighGrayLevelEmphasis,glrlm,ShortRunHighGrayLevelEmphasis,5.026236197900935,50,native_original
original_glrlm_ShortRunLowGrayLevelEmphasis,glrlm,ShortRunLowGrayLevelEmphasis,0.0796129680251562,50,native_original
original_glszm_GrayLevelNonUniformity,glszm,GrayLevelNonUniformity,9.77777777777778,50,native_original
original_glszm_GrayLevelNonUniformityNormalized,glszm,GrayLevelNonUniformityNormalized,0.2716049382716049,50,native_original
original_glszm_GrayLevelVariance,glszm,GrayLevelVariance,2.8395061728395063,50,native_original
original_glszm_HighGrayLevelZoneEmphasis,glszm,HighGrayLevelZoneEmphasis,13.22222222222222,50,native_original
original_glszm_LargeAreaEmphasis,glszm,LargeAreaEmphasis,1216303.1666666667,50,native_original
original_glszm_LargeAreaHighGrayLevelEmphasis,glszm,LargeAreaHighGrayLevelEmphasis,11798012.055555556,50,native_original
original_glszm_LargeAreaLowGrayLevelEmphasis,glszm,LargeAreaLowGrayLevelEmphasis,153474.03588734567,50,native_original
original_glszm_LowGrayLevelZoneEmphasis,glszm,LowGrayLevelZoneEmphasis,0.3259336419753086,50,native_original
original_glszm_SizeZoneNonUniformity,glszm,SizeZoneNonUniformity,10.333333333333334,50,native_original
original_glszm_SizeZoneNonUniformityNormalized,glszm,SizeZoneNonUniformityNormalized,0.287037037037037,50,native_original
original_glszm_SmallAreaEmphasis,glszm,SmallAreaEmphasis,0.5428552142257089,50,native_original
original_glszm_SmallAreaHighGrayLevelEmphasis,glszm,SmallAreaHighGrayLevelEmphasis,7.258583988641819,50,native_original
original_glszm_SmallAreaLowGrayLevelEmphasis,glszm,SmallAreaLowGrayLevelEmphasis,0.1542234552972637,50,native_original
original_glszm_ZoneEntropy,glszm,ZoneEntropy,3.8497642393497937,50,native_original
original_glszm_ZonePercentage,glszm,ZonePercentage,0.0029688273132112,50,native_original
original_glszm_ZoneVariance,glszm,ZoneVariance,1102846.472222222,50,native_original
original_ngtdm_Busyness,ngtdm,Busyness,103.09886582639554,50,native_original
original_ngtdm_Coarseness,ngtdm,Coarseness,0.0007478081184775,50,native_original
original_ngtdm_Complexity,ngtdm,Complexity,3.5042619578266434,50,native_original
original_ngtdm_Contrast,ngtdm,Contrast,0.0313622812511455,50,native_original
original_ngtdm_Strength,ngtdm,Strength,0.0061785739623897,50,native_original
original_glcm_Autocorrelation,glcm,Autocorrelation,16.482177746488844,50,resample_linear
original_glcm_ClusterProminence,glcm,ClusterProminence,29.231757688386757,50,resample_linear
original_glcm_ClusterShade,glcm,ClusterShade,-0.4435223832327079,50,resample_linear
original_glcm_ClusterTendency,glcm,ClusterTendency,3.246731981652407,50,resample_linear
original_glcm_Contrast,glcm,Contrast,0.205635463965052,50,resample_linear
original_glcm_Correlation,glcm,Correlation,0.8799238973535666,50,resample_linear
original_glcm_DifferenceAverage,glcm,DifferenceAverage,0.1943504644145965,50,resample_linear
original_glcm_DifferenceEntropy,glcm,DifferenceEntropy,0.7227150641733804,50,resample_linear
original_glcm_DifferenceVariance,glcm,DifferenceVariance,0.1652670142936814,50,resample_linear
original_glcm_Id,glcm,Id,0.9046627702658075,50,resample_linear
original_glcm_Idm,glcm,Idm,0.9039532677477472,50,resample_linear
original_glcm_Idmn,glcm,Idmn,0.9944912760044964,50,resample_linear
original_glcm_Idn,glcm,Idn,0.9724351262286822,50,resample_linear
original_glcm_Imc1,glcm,Imc1,-0.5571843356147902,50,resample_linear
original_glcm_Imc2,glcm,Imc2,0.9369081036629924,50,resample_linear
original_glcm_InverseVariance,glcm,InverseVariance,0.1848806027802581,50,resample_linear
original_glcm_JointAverage,glcm,JointAverage,3.965052783018128,50,resample_linear
original_glcm_JointEnergy,glcm,JointEnergy,0.2100049115192205,50,resample_linear
original_glcm_JointEntropy,glcm,JointEntropy,2.792314512279889,50,resample_linear
original_glcm_MCC,glcm,MCC,0.8873544920495523,50,resample_linear
original_glcm_MaximumProbability,glcm,MaximumProbability,0.3497840043364399,50,resample_linear
original_glcm_SumAverage,glcm,SumAverage,7.930105566036255,50,resample_linear
original_glcm_SumEntropy,glcm,SumEntropy,2.5592016022049666,50,resample_linear
original_glcm_SumSquares,glcm,SumSquares,0.8630918614043647,50,resample_linear
original_gldm_DependenceEntropy,gldm,DependenceEntropy,5.637413533354026,50,resample_linear
original_gldm_DependenceNonUniformity,gldm,DependenceNonUniformity,8204.84040903843,50,resample_linear
original_gldm_DependenceNonUniformityNormalized,gldm,DependenceNonUniformityNormalized,0.1353264128160717,50,resample_linear
original_gldm_DependenceVariance,gldm,DependenceVariance,40.970950906949895,50,resample_linear
original_gldm_GrayLevelNonUniformity,gldm,GrayLevelNonUniformity,17631.01820880752,50,resample_linear
original_gldm_GrayLevelVariance,gldm,GrayLevelVariance,0.9213989829534406,50,resample_linear
original_gldm_HighGrayLevelEmphasis,gldm,HighGrayLevelEmphasis,16.38563417450107,50,resample_linear
original_gldm_LargeDependenceEmphasis,gldm,LargeDependenceEmphasis,481.5803397657926,50,resample_linear
original_gldm_LargeDependenceHighGrayLevelEmphasis,gldm,LargeDependenceHighGrayLevelEmphasis,8205.179597558965,50,resample_linear
original_gldm_LargeDependenceLowGrayLevelEmphasis,gldm,LargeDependenceLowGrayLevelEmphasis,35.13933572488867,50,resample_linear
original_gldm_LowGrayLevelEmphasis,gldm,LowGrayLevelEmphasis,0.0837565744864112,50,resample_linear
original_gldm_SmallDependenceEmphasis,gldm,SmallDependenceEmphasis,0.0056732098436226,50,resample_linear
original_gldm_SmallDependenceHighGrayLevelEmphasis,gldm,SmallDependenceHighGrayLevelEmphasis,0.0780348320833234,50,resample_linear
original_gldm_SmallDependenceLowGrayLevelEmphasis,gldm,SmallDependenceLowGrayLevelEmphasis,0.000904182794256,50,resample_linear
original_glrlm_GrayLevelNonUniformity,glrlm,GrayLevelNonUniformity,3478.8326349475274,50,resample_linear
original_glrlm_GrayLevelNonUniformityNormalized,glrlm,GrayLevelNonUniformityNormalized,0.2498797980733021,50,resample_linear
original_glrlm_GrayLevelVariance,glrlm,GrayLevelVariance,1.2029763361479278,50,resample_linear
original_glrlm_HighGrayLevelRunEmphasis,glrlm,HighGrayLevelRunEmphasis,14.964420891909144,50,resample_linear
original_glrlm_LongRunEmphasis,glrlm,LongRunEmphasis,44.03222014062289,50,resample_linear
original_glrlm_LongRunHighGrayLevelEmphasis,glrlm,LongRunHighGrayLevelEmphasis,732.0035830717188,50,resample_linear
original_glrlm_LongRunLowGrayLevelEmphasis,glrlm,LongRunLowGrayLevelEmphasis,3.3632204383523012,50,resample_linear
original_glrlm_LowGrayLevelRunEmphasis,glrlm,LowGrayLevelRunEmphasis,0.1088795668190703,50,resample_linear
original_glrlm_RunEntropy,glrlm,RunEntropy,5.30008461102141,50,resample_linear
original_glrlm_RunLengthNonUniformity,glrlm,RunLengthNonUniformity,2528.513327839249,50,resample_linear
original_glrlm_RunLengthNonUniformityNormalized,glrlm,RunLengthNonUniformityNormalized,0.1709234323398979,50,resample_linear
original_glrlm_RunPercentage,glrlm,RunPercentage,0.2311270125223613,50,resample_linear
original_glrlm_RunVariance,glrlm,RunVariance,20.28851792888262,50,resample_linear
original_glrlm_ShortRunEmphasis,glrlm,ShortRunEmphasis,0.3924750435619131,50,resample_linear
original_glrlm_ShortRunHighGrayLevelEmphasis,glrlm,ShortRunHighGrayLevelEmphasis,4.9349192077667885,50,resample_linear
original_glrlm_ShortRunLowGrayLevelEmphasis,glrlm,ShortRunLowGrayLevelEmphasis,0.0585083203922012,50,resample_linear
original_glszm_GrayLevelNonUniformity,glszm,GrayLevelNonUniformity,28.27659574468085,50,resample_linear
original_glszm_GrayLevelNonUniformityNormalized,glszm,GrayLevelNonUniformityNormalized,0.200543232231779,50,resample_linear
original_glszm_GrayLevelVariance,glszm,GrayLevelVariance,2.417987022785574,50,resample_linear
original_glszm_HighGrayLevelZoneEmphasis,glszm,HighGrayLevelZoneEmphasis,11.54609929078014,50,resample_linear
original_glszm_LargeAreaEmphasis,glszm,LargeAreaEmphasis,7429470.453900709,50,resample_linear
original_glszm_LargeAreaHighGrayLevelEmphasis,glszm,LargeAreaHighGrayLevelEmphasis,121171946.9148936,50,resample_linear
original_glszm_LargeAreaLowGrayLevelEmphasis,glszm,LargeAreaLowGrayLevelEmphasis,512344.9550315208,50,resample_linear
original_glszm_LowGrayLevelZoneEmphasis,glszm,LowGrayLevelZoneEmphasis,0.2699901497241923,50,resample_linear
original_glszm_SizeZoneNonUniformity,glszm,SizeZoneNonUniformity,27.865248226950353,50,resample_linear
original_glszm_SizeZoneNonUniformityNormalized,glszm,SizeZoneNonUniformityNormalized,0.1976258739500025,50,resample_linear
original_glszm_SmallAreaEmphasis,glszm,SmallAreaEmphasis,0.4345674671069564,50,resample_linear
original_glszm_SmallAreaHighGrayLevelEmphasis,glszm,SmallAreaHighGrayLevelEmphasis,6.26837643435195,50,resample_linear
original_glszm_SmallAreaLowGrayLevelEmphasis,glszm,SmallAreaLowGrayLevelEmphasis,0.0970644700249787,50,resample_linear
original_glszm_ZoneEntropy,glszm,ZoneEntropy,5.064727071397101,50,resample_linear
original_glszm_ZonePercentage,glszm,ZonePercentage,0.0023255813953488,50,resample_linear
original_glszm_ZoneVariance,glszm,ZoneVariance,7244570.45390071,50,resample_linear
original_ngtdm_Busyness,ngtdm,Busyness,118.08579108069276,50,resample_linear
original_ngtdm_Coarseness,ngtdm,Coarseness,0.0003562801181179,50,resample_linear
original_ngtdm_Complexity,ngtdm,Complexity,2.494233829358807,50,resample_linear
original_ngtdm_Contrast,ngtdm,Contrast,0.0108135241854039,50,resample_linear
original_ngtdm_Strength,ngtdm,Strength,0.0045254119471689,50,resample_linear
original_glcm_Autocorrelation,glcm,Autocorrelation,10.12761111249288,50,voxel_spacing_aware
original_glcm_ClusterProminence,glcm,ClusterProminence,23.3640441776485,50,voxel_spacing_aware
original_glcm_ClusterShade,glcm,ClusterShade,0.1934174315459501,50,voxel_spacing_aware
original_glcm_ClusterTendency,glcm,ClusterTendency,2.9395373118976953,50,voxel_spacing_aware
original_glcm_Contrast,glcm,Contrast,0.3080968348584054,50,voxel_spacing_aware
original_glcm_Correlation,glcm,Correlation,0.8103136459577382,50,voxel_spacing_aware
original_glcm_DifferenceAverage,glcm,DifferenceAverage,0.2977169943776426,50,voxel_spacing_aware
original_glcm_DifferenceEntropy,glcm,DifferenceEntropy,0.770296415172746,50,voxel_spacing_aware
original_glcm_DifferenceVariance,glcm,DifferenceVariance,0.1780827222684911,50,voxel_spacing_aware
original_glcm_Id,glcm,Id,0.8528714762246391,50,voxel_spacing_aware
original_glcm_Idm,glcm,Idm,0.8521794868592549,50,voxel_spacing_aware
original_glcm_Idmn,glcm,Idmn,0.9882327199363272,50,voxel_spacing_aware
original_glcm_Idn,glcm,Idn,0.9506276399961254,50,voxel_spacing_aware
original_glcm_Imc1,glcm,Imc1,-0.4799896399853706,50,voxel_spacing_aware
original_glcm_Imc2,glcm,Imc2,0.8753758178767238,50,voxel_spacing_aware
original_glcm_InverseVariance,glcm,InverseVariance,0.2886346339569753,50,voxel_spacing_aware
original_glcm_JointAverage,glcm,JointAverage,3.0772950224262643,50,voxel_spacing_aware
original_glcm_JointEnergy,glcm,JointEnergy,0.1879370712236823,50,voxel_spacing_aware
original_glcm_JointEntropy,glcm,JointEntropy,2.872332422922642,50,voxel_spacing_aware
original_glcm_MCC,glcm,MCC,0.8122374418563442,50,voxel_spacing_aware
original_glcm_MaximumProbability,glcm,MaximumProbability,0.3050939735362231,50,voxel_spacing_aware
original_glcm_SumAverage,glcm,SumAverage,6.154590044852529,50,voxel_spacing_aware
original_glcm_SumEntropy,glcm,SumEntropy,2.546740265268404,50,voxel_spacing_aware
original_glcm_SumSquares,glcm,SumSquares,0.8119085366890253,50,voxel_spacing_aware
original_gldm_DependenceEntropy,gldm,DependenceEntropy,4.97006976730028,50,voxel_spacing_aware
original_gldm_DependenceNonUniformity,gldm,DependenceNonUniformity,12328.833085931055,50,voxel_spacing_aware
original_gldm_DependenceNonUniformityNormalized,gldm,DependenceNonUniformityNormalized,0.2033454244751947,50,voxel_spacing_aware
original_gldm_DependenceVariance,gldm,DependenceVariance,32.74559202158195,50,voxel_spacing_aware
original_gldm_GrayLevelNonUniformity,gldm,GrayLevelNonUniformity,18388.531255154216,50,voxel_spacing_aware
original_gldm_GrayLevelVariance,gldm,GrayLevelVariance,0.8289941974651829,50,voxel_spacing_aware
original_gldm_HighGrayLevelEmphasis,gldm,HighGrayLevelEmphasis,10.27577107042718,50,voxel_spacing_aware
original_gldm_LargeDependenceEmphasis,gldm,LargeDependenceEmphasis,487.40643245917863,50,voxel_spacing_aware
original_gldm_LargeDependenceHighGrayLevelEmphasis,gldm,LargeDependenceHighGrayLevelEmphasis,5011.629457364341,50,voxel_spacing_aware
original_gldm_LargeDependenceLowGrayLevelEmphasis,gldm,LargeDependenceLowGrayLevelEmphasis,73.46867378177289,50,voxel_spacing_aware
original_gldm_LowGrayLevelEmphasis,gldm,LowGrayLevelEmphasis,0.1549645619147103,50,voxel_spacing_aware
original_gldm_SmallDependenceEmphasis,gldm,SmallDependenceEmphasis,0.0037885137738643,50,voxel_spacing_aware
original_gldm_SmallDependenceHighGrayLevelEmphasis,gldm,SmallDependenceHighGrayLevelEmphasis,0.0399887378497495,50,voxel_spacing_aware
original_gldm_SmallDependenceLowGrayLevelEmphasis,gldm,SmallDependenceLowGrayLevelEmphasis,0.0006524070240054,50,voxel_spacing_aware
original_glrlm_GrayLevelNonUniformity,glrlm,GrayLevelNonUniformity,3819.421067791151,50,voxel_spacing_aware
original_glrlm_GrayLevelNonUniformityNormalized,glrlm,GrayLevelNonUniformityNormalized,0.2889866566826976,50,voxel_spacing_aware
original_glrlm_GrayLevelVariance,glrlm,GrayLevelVariance,0.9031244633495874,50,voxel_spacing_aware
original_glrlm_HighGrayLevelRunEmphasis,glrlm,HighGrayLevelRunEmphasis,10.28897658464743,50,voxel_spacing_aware
original_glrlm_LongRunEmphasis,glrlm,LongRunEmphasis,41.300703043935066,50,voxel_spacing_aware
original_glrlm_LongRunHighGrayLevelEmphasis,glrlm,LongRunHighGrayLevelEmphasis,421.7423810626289,50,voxel_spacing_aware
original_glrlm_LongRunLowGrayLevelEmphasis,glrlm,LongRunLowGrayLevelEmphasis,6.065254788207875,50,voxel_spacing_aware
original_glrlm_LowGrayLevelRunEmphasis,glrlm,LowGrayLevelRunEmphasis,0.1642584644344824,50,voxel_spacing_aware
original_glrlm_RunEntropy,glrlm,RunEntropy,5.076102124676666,50,voxel_spacing_aware
original_glrlm_RunLengthNonUniformity,glrlm,RunLengthNonUniformity,1956.6257183919313,50,voxel_spacing_aware
original_glrlm_RunLengthNonUniformityNormalized,glrlm,RunLengthNonUniformityNormalized,0.1565019006143511,50,voxel_spacing_aware
original_glrlm_RunPercentage,glrlm,RunPercentage,0.2183547114274477,50,voxel_spacing_aware
original_glrlm_RunVariance,glrlm,RunVariance,14.54375621896935,50,voxel_spacing_aware
original_glrlm_ShortRunEmphasis,glrlm,ShortRunEmphasis,0.2779802646231755,50,voxel_spacing_aware
original_glrlm_ShortRunHighGrayLevelEmphasis,glrlm,ShortRunHighGrayLevelEmphasis,2.9093566166492693,50,voxel_spacing_aware
original_glrlm_ShortRunLowGrayLevelEmphasis,glrlm,ShortRunLowGrayLevelEmphasis,0.0470098793239429,50,voxel_spacing_aware
original_glszm_GrayLevelNonUniformity,glszm,GrayLevelNonUniformity,9.77777777777778,50,voxel_spacing_aware
original_glszm_GrayLevelNonUniformityNormalized,glszm,GrayLevelNonUniformityNormalized,0.2716049382716049,50,voxel_spacing_aware
original_glszm_GrayLevelVariance,glszm,GrayLevelVariance,2.8395061728395063,50,voxel_spacing_aware
original_glszm_HighGrayLevelZoneEmphasis,glszm,HighGrayLevelZoneEmphasis,13.22222222222222,50,voxel_spacing_aware
original_glszm_LargeAreaEmphasis,glszm,LargeAreaEmphasis,30407579.166666668,50,voxel_spacing_aware
original_glszm_LargeAreaHighGrayLevelEmphasis,glszm,LargeAreaHighGrayLevelEmphasis,294950301.3888889,50,voxel_spacing_aware
original_glszm_LargeAreaLowGrayLevelEmphasis,glszm,LargeAreaLowGrayLevelEmphasis,3836850.897183642,50,voxel_spacing_aware
original_glszm_LowGrayLevelZoneEmphasis,glszm,LowGrayLevelZoneEmphasis,0.3259336419753086,50,voxel_spacing_aware
original_glszm_SizeZoneNonUniformity,glszm,SizeZoneNonUniformity,10.333333333333334,50,voxel_spacing_aware
original_glszm_SizeZoneNonUniformityNormalized,glszm,SizeZoneNonUniformityNormalized,0.287037037037037,50,voxel_spacing_aware
original_glszm_SmallAreaEmphasis,glszm,SmallAreaEmphasis,0.0217142085690283,50,voxel_spacing_aware
original_glszm_SmallAreaHighGrayLevelEmphasis,glszm,SmallAreaHighGrayLevelEmphasis,0.2903433595456727,50,voxel_spacing_aware
original_glszm_SmallAreaLowGrayLevelEmphasis,glszm,SmallAreaLowGrayLevelEmphasis,0.0061689382118905,50,voxel_spacing_aware
original_glszm_ZoneEntropy,glszm,ZoneEntropy,3.8497642393497937,50,voxel_spacing_aware
original_glszm_ZonePercentage,glszm,ZonePercentage,0.0005937654626422,50,voxel_spacing_aware
original_glszm_ZoneVariance,glszm,ZoneVariance,27571161.805555556,50,voxel_spacing_aware
original_ngtdm_Busyness,ngtdm,Busyness,69.65248819256081,50,voxel_spacing_aware
original_ngtdm_Coarseness,ngtdm,Coarseness,0.0011068975548677,50,voxel_spacing_aware
original_ngtdm_Complexity,ngtdm,Complexity,2.36778075937785,50,voxel_spacing_aware
original_ngtdm_Contrast,ngtdm,Contrast,0.0211879323345389,50,voxel_spacing_aware
original_ngtdm_Strength,ngtdm,Strength,0.0091454971292123,50,voxel_spacing_aware
